bloco;ordem;resultado
0.1;1;"[{""fonte"":""a) leads criados"",""mes_brt"":""2026-06"",""n"":1318},{""fonte"":""a) leads criados"",""mes_brt"":""2026-07"",""n"":24555},{""fonte"":""a) leads criados"",""mes_brt"":""2026-08"",""n"":2101},{""fonte"":""a) leads criados"",""mes_brt"":""2026-09"",""n"":44486},{""fonte"":""b) agendamentos de visita criados (sem sintéticos)"",""mes_brt"":""2026-06"",""n"":69},{""fonte"":""b) agendamentos de visita criados (sem sintéticos)"",""mes_brt"":""2026-07"",""n"":93},{""fonte"":""b) agendamentos de visita criados (sem sintéticos)"",""mes_brt"":""2026-08"",""n"":73},{""fonte"":""b) agendamentos de visita criados (sem sintéticos)"",""mes_brt"":""2026-09"",""n"":109},{""fonte"":""c) visitas validadas como realizadas (pela data da visita)"",""mes_brt"":""2026-06"",""n"":27},{""fonte"":""c) visitas validadas como realizadas (pela data da visita)"",""mes_brt"":""2026-07"",""n"":26},{""fonte"":""c) visitas validadas como realizadas (pela data da visita)"",""mes_brt"":""2026-08"",""n"":32},{""fonte"":""c) visitas validadas como realizadas (pela data da visita)"",""mes_brt"":""2026-09"",""n"":39},{""fonte"":""d) transições para agendado"",""mes_brt"":""2026-06"",""n"":50},{""fonte"":""d) transições para agendado"",""mes_brt"":""2026-07"",""n"":79},{""fonte"":""d) transições para agendado"",""mes_brt"":""2026-08"",""n"":61},{""fonte"":""d) transições para agendado"",""mes_brt"":""2026-09"",""n"":82},{""fonte"":""e) vendas não distratadas (pela assinatura)"",""mes_brt"":""2026-06"",""n"":21},{""fonte"":""e) vendas não distratadas (pela assinatura)"",""mes_brt"":""2026-07"",""n"":12},{""fonte"":""e) vendas não distratadas (pela assinatura)"",""mes_brt"":""2026-08"",""n"":13},{""fonte"":""e) vendas não distratadas (pela assinatura)"",""mes_brt"":""2026-09"",""n"":13},{""fonte"":""f) distribuições com sucesso"",""mes_brt"":""2026-06"",""n"":33358},{""fonte"":""f) distribuições com sucesso"",""mes_brt"":""2026-07"",""n"":16382},{""fonte"":""f) distribuições com sucesso"",""mes_brt"":""2026-08"",""n"":7983},{""fonte"":""f) distribuições com sucesso"",""mes_brt"":""2026-09"",""n"":4995}]"
0.2;2;"[{""com_transicao_para_agendado_ou_alem"":136,""leads_com_agendamento_de_visita_60d"":141,""status_atual_agendado_ou_alem"":86,""status_atual_perdido"":8}]"
0.3;3;"[{""corretores"":0,""instante"":""2026-07-17T23:49:13+00:00"",""linhas"":4840,""para_status"":""aguardando_corretor"",""sem_autor_humano"":4840},{""corretores"":15,""instante"":""2026-07-04T21:29:44+00:00"",""linhas"":3960,""para_status"":""perdido"",""sem_autor_humano"":3960},{""corretores"":0,""instante"":""2026-07-17T23:49:44+00:00"",""linhas"":3893,""para_status"":""aguardando_corretor"",""sem_autor_humano"":3893},{""corretores"":0,""instante"":""2026-06-19T15:00:00+00:00"",""linhas"":3091,""para_status"":""novo"",""sem_autor_humano"":3091},{""corretores"":0,""instante"":""2026-07-17T23:50:59+00:00"",""linhas"":2974,""para_status"":""aguardando_corretor"",""sem_autor_humano"":2974},{""corretores"":0,""instante"":""2026-07-17T23:51:35+00:00"",""linhas"":2876,""para_status"":""aguardando_corretor"",""sem_autor_humano"":2876},{""corretores"":0,""instante"":""2026-07-17T23:52:00+00:00"",""linhas"":2654,""para_status"":""aguardando_corretor"",""sem_autor_humano"":2654},{""corretores"":0,""instante"":""2026-07-17T23:46:33+00:00"",""linhas"":2181,""para_status"":""aguardando_corretor"",""sem_autor_humano"":2181},{""corretores"":0,""instante"":""2026-07-17T23:48:30+00:00"",""linhas"":2115,""para_status"":""aguardando_corretor"",""sem_autor_humano"":2115},{""corretores"":0,""instante"":""2026-07-17T23:47:50+00:00"",""linhas"":1952,""para_status"":""aguardando_corretor"",""sem_autor_humano"":1952},{""corretores"":15,""instante"":""2026-07-17T23:48:30+00:00"",""linhas"":1885,""para_status"":""aguardando_atendimento"",""sem_autor_humano"":1885},{""corretores"":0,""instante"":""2026-09-14T20:24:05+00:00"",""linhas"":1861,""para_status"":""aguardando_corretor"",""sem_autor_humano"":1861},{""corretores"":0,""instante"":""2026-07-17T23:52:41+00:00"",""linhas"":1427,""para_status"":""aguardando_corretor"",""sem_autor_humano"":1427},{""corretores"":0,""instante"":""2026-06-16T13:15:00+00:00"",""linhas"":1407,""para_status"":""novo"",""sem_autor_humano"":1407},{""corretores"":13,""instante"":""2026-07-17T23:49:44+00:00"",""linhas"":1107,""para_status"":""aguardando_atendimento"",""sem_autor_humano"":1107},{""corretores"":15,""instante"":""2026-07-17T23:46:33+00:00"",""linhas"":819,""para_status"":""aguardando_atendimento"",""sem_autor_humano"":819},{""corretores"":4,""instante"":""2026-07-04T13:59:23+00:00"",""linhas"":720,""para_status"":""aguardando_atendimento"",""sem_autor_humano"":0},{""corretores"":0,""instante"":""2026-07-04T14:00:00+00:00"",""linhas"":700,""para_status"":""novo"",""sem_autor_humano"":700},{""corretores"":16,""instante"":""2026-07-17T23:52:41+00:00"",""linhas"":653,""para_status"":""aguardando_atendimento"",""sem_autor_humano"":653},{""corretores"":10,""instante"":""2026-07-17T06:00:00+00:00"",""linhas"":511,""para_status"":""perdido"",""sem_autor_humano"":511},{""corretores"":0,""instante"":""2026-07-17T23:47:35+00:00"",""linhas"":471,""para_status"":""aguardando_corretor"",""sem_autor_humano"":471},{""corretores"":0,""instante"":""2026-07-27T19:11:07+00:00"",""linhas"":400,""para_status"":""aguardando_atendimento"",""sem_autor_humano"":400},{""corretores"":0,""instante"":""2026-07-27T19:10:46+00:00"",""linhas"":400,""para_status"":""aguardando_atendimento"",""sem_autor_humano"":400},{""corretores"":15,""instante"":""2026-07-17T23:52:00+00:00"",""linhas"":346,""para_status"":""aguardando_atendimento"",""sem_autor_humano"":346},{""corretores"":0,""instante"":""2026-07-27T19:05:02+00:00"",""linhas"":300,""para_status"":""aguardando_atendimento"",""sem_autor_humano"":300},{""corretores"":0,""instante"":""2026-07-27T19:09:51+00:00"",""linhas"":300,""para_status"":""aguardando_atendimento"",""sem_autor_humano"":300},{""corretores"":0,""instante"":""2026-07-27T19:08:23+00:00"",""linhas"":300,""para_status"":""aguardando_atendimento"",""sem_autor_humano"":300},{""corretores"":0,""instante"":""2026-07-27T19:05:57+00:00"",""linhas"":300,""para_status"":""aguardando_atendimento"",""sem_autor_humano"":300},{""corretores"":0,""instante"":""2026-07-27T19:10:26+00:00"",""linhas"":300,""para_status"":""aguardando_atendimento"",""sem_autor_humano"":300},{""corretores"":0,""instante"":""2026-07-27T19:09:04+00:00"",""linhas"":300,""para_status"":""aguardando_atendimento"",""sem_autor_humano"":300}]"
0.4;4;"[{""degrau_funil"":0,""desde_sempre"":15899,""para_status"":""novo"",""ult_30d"":0,""ult_90d"":2566},{""degrau_funil"":0,""desde_sempre"":27830,""para_status"":""aguardando_corretor"",""ult_30d"":2447,""ult_90d"":27830},{""degrau_funil"":1,""desde_sempre"":82511,""para_status"":""aguardando_atendimento"",""ult_30d"":50617,""ult_90d"":68416},{""degrau_funil"":2,""desde_sempre"":3092,""para_status"":""aguardando_retorno"",""ult_30d"":540,""ult_90d"":2918},{""degrau_funil"":3,""desde_sempre"":1461,""para_status"":""qualificacao_corretor"",""ult_30d"":838,""ult_90d"":1461},{""degrau_funil"":4,""desde_sempre"":36836,""para_status"":""em_atendimento"",""ult_30d"":2838,""ult_90d"":13769},{""degrau_funil"":4,""desde_sempre"":10,""para_status"":""qualificado"",""ult_30d"":0,""ult_90d"":0},{""degrau_funil"":5,""desde_sempre"":466,""para_status"":""agendado"",""ult_30d"":85,""ult_90d"":222},{""degrau_funil"":6,""desde_sempre"":239,""para_status"":""visita_realizada"",""ult_30d"":32,""ult_90d"":96},{""degrau_funil"":6,""desde_sempre"":3,""para_status"":""proposta_enviada"",""ult_30d"":0,""ult_90d"":0},{""degrau_funil"":7,""desde_sempre"":323,""para_status"":""analise_credito"",""ult_30d"":49,""ult_90d"":227},{""degrau_funil"":8,""desde_sempre"":133,""para_status"":""contrato_fechado"",""ult_30d"":39,""ult_90d"":56},{""degrau_funil"":8,""desde_sempre"":1,""para_status"":""pos_venda"",""ult_30d"":0,""ult_90d"":0},{""degrau_funil"":99,""desde_sempre"":13962,""para_status"":""perdido"",""ult_30d"":2174,""ult_90d"":13741}]"
0.5;5;"[{""active"":true,""comando"":"" SELECT public.gerar_pushes_agendamentos_proximos(); SELECT net.http_post( url := 'https://project--862f238b-1c33-4bd3-aec6-6e4ffb74e9ba.lov"",""jobid"":7,""jobname"":""push-dispatch-every-minute"",""schedule"":""* * * * *""},{""active"":true,""comando"":""SELECT public.alertar_leads_sem_atendimento();"",""jobid"":18,""jobname"":""alertar-sem-atendimento"",""schedule"":""*/10 * * * *""},{""active"":true,""comando"":""SELECT public.recalcular_temperatura_leads();"",""jobid"":9,""jobname"":""recalc-temperatura"",""schedule"":""*/10 * * * *""},{""active"":true,""comando"":""SELECT public.alertar_roletas_sem_apto();"",""jobid"":17,""jobname"":""alertar-roletas-vazias"",""schedule"":""*/15 * * * *""},{""active"":true,""comando"":""SELECT metrics.refresh_all();"",""jobid"":21,""jobname"":""metrics-refresh"",""schedule"":""*/15 * * * *""},{""active"":true,""comando"":"" SELECT public.gerar_alertas_agendamentos_proximos(); "",""jobid"":4,""jobname"":""alertar-agendamentos-proximos"",""schedule"":""*/5 * * * *""},{""active"":true,""comando"":"" SELECT public.processar_distribuicao_automatica(); "",""jobid"":5,""jobname"":""distribuicao-automatica-5min"",""schedule"":""*/5 * * * *""},{""active"":true,""comando"":"" SELECT public.gerar_pushes_lembretes_visita(); "",""jobid"":11,""jobname"":""lembretes-visita"",""schedule"":""*/5 * * * *""},{""active"":true,""comando"":"" SELECT public.gerar_alertas_tarefas_atrasadas(); "",""jobid"":3,""jobname"":""alertar-tarefas-atrasadas"",""schedule"":""0 * * * *""},{""active"":true,""comando"":""SELECT public.cadencia_auditoria();"",""jobid"":36,""jobname"":""cadencia-auditoria"",""schedule"":""0 10 * * *""},{""active"":true,""comando"":"" SELECT public.gerar_alertas_leads_parados(); "",""jobid"":15,""jobname"":""alertar-leads-parados"",""schedule"":""0 11 * * *""},{""active"":true,""comando"":""SELECT public.cadencia_vencidos();"",""jobid"":35,""jobname"":""cadencia-vencidos"",""schedule"":""0 11 * * *""},{""active"":true,""comando"":""SELECT public.alimentar_base_sdr_perdidos()"",""jobid"":28,""jobname"":""sdr-alimentar-perdidos"",""schedule"":""0 11 * * *""},{""active"":true,""comando"":""SELECT public.recalcular_tiers_todas('cron')"",""jobid"":20,""jobname"":""recalc-tiers-roletas-weekly"",""schedule"":""0 11 * * 1""},{""active"":true,""comando"":""SELECT public.samiq_gerar_briefing_alertas();"",""jobid"":30,""jobname"":""samiq-briefing-diario"",""schedule"":""0 11 * * 1-6""},{""active"":true,""comando"":""SELECT public.devolver_leads_posse_expirada()"",""jobid"":23,""jobname"":""posse-expirada-diaria"",""schedule"":""0 12 * * *""},{""active"":true,""comando"":""SELECT public.alertar_volume_desproporcional();"",""jobid"":19,""jobname"":""alertar-volume-desproporcional"",""schedule"":""0 21 * * *""},{""active"":true,""comando"":"" SELECT public.resetar_presenca_diaria(); "",""jobid"":6,""jobname"":""resetar-presenca-diaria"",""schedule"":""0 3 * * *""},{""active"":true,""comando"":"" SELECT public.expirar_lixeira_antiga(); "",""jobid"":2,""jobname"":""expirar-lixeira"",""schedule"":""0 3 * * 0""},{""active"":true,""comando"":""SELECT public.higiene_processar()"",""jobid"":31,""jobname"":""higiene-processar-diaria"",""schedule"":""0 4 * * *""},{""active"":true,""comando"":""SELECT public.regua_devolucao_processar();"",""jobid"":32,""jobname"":""regua-devolucao-diaria"",""schedule"":""0 5 * * *""},{""active"":true,""comando"":"" SELECT public.devolver_leads_followup_vencido(); "",""jobid"":24,""jobname"":""followup-devolver-vencidos"",""schedule"":""15 12 * * *""},{""active"":true,""comando"":""DELETE FROM public.samiq_conversas WHERE expira_em < now();"",""jobid"":29,""jobname"":""samiq-limpar-conversas"",""schedule"":""15 3 * * *""},{""active"":true,""comando"":"" SELECT public.mcp_aplicar_guardas(); "",""jobid"":22,""jobname"":""mcp-aplicar-guardas"",""schedule"":""17 4 * * *""},{""active"":true,""comando"":""SELECT public.cadencia_avancar();"",""jobid"":38,""jobname"":""cadencia-avancar"",""schedule"":""23 * * * *""},{""active"":true,""comando"":""SELECT public.devolver_leads_sdr_parados()"",""jobid"":27,""jobname"":""sdr-devolver-parados"",""schedule"":""30 12 * * *""},{""active"":true,""comando"":""SELECT public.cadencia_encerrar();"",""jobid"":34,""jobname"":""cadencia-encerrar"",""schedule"":""7 * * * *""}]"
0.6;6;"[{""cron_timezone"":""GMT"",""extname"":""pg_cron"",""extversion"":""1.6.4""},{""cron_timezone"":""GMT"",""extname"":""pg_net"",""extversion"":""0.20.3""}]"
0.7;7;"[{""argumentos"":""_corretor_id uuid"",""proname"":""_apto_extra_v2""},{""argumentos"":""_lead_id uuid, _tipo distribuicao_tipo, _roleta_slug text, _corretor_id uuid, _distribuido_por uuid, _gatilho text, _contexto_extra jsonb, _registrar_excecao boolean"",""proname"":""_distribuir_lead_v3""},{""argumentos"":""_de timestamp with time zone, _ate timestamp with time zone"",""proname"":""_minutos_uteis_entre""},{""argumentos"":""_lead_id uuid, _corretor_id uuid"",""proname"":""atribuir_lead_a_corretor""},{""argumentos"":""_user_id uuid"",""proname"":""corretores_do_gestor""},{""argumentos"":""_lead_id uuid, _roleta_slug text"",""proname"":""distribuir_lead_ponderado""},{""argumentos"":""_s lead_status"",""proname"":""funil_ordem""},{""argumentos"":""_user_id uuid, _role app_role"",""proname"":""has_role""},{""argumentos"":""_ultima_interacao timestamp with time zone, _ultimo_contato timestamp with time zone, _created_at timestamp with time zone"",""proname"":""higiene_dias_parado""},{""argumentos"":""_user_id uuid"",""proname"":""is_active_member""},{""argumentos"":""_lead uuid"",""proname"":""lead_sem_proximo_passo""},{""argumentos"":"""",""proname"":""mcp_guard_audit""},{""argumentos"":"""",""proname"":""mcp_guard_comissoes""},{""argumentos"":"""",""proname"":""mcp_guard_delete""},{""argumentos"":"""",""proname"":""mcp_guard_identidade""},{""argumentos"":"""",""proname"":""mcp_guard_update""},{""argumentos"":"""",""proname"":""mcp_guard_vendas""},{""argumentos"":""p_lead_id uuid, p_novo_status lead_status, p_motivo text, p_proxima_acao text, p_proximo_followup timestamp with time zone, p_motivo_categoria text"",""proname"":""transicionar_lead""},{""argumentos"":""_user_id uuid"",""proname"":""ve_carteira_completa""}]"
0.8;8;[]
0.9;9;"[{""ativas_onboarding_manual"":0,""ativas_sem_onboarding"":120,""modelo_v2_ativo"":false,""participacoes_ativas"":191}]"
P;10;"[{""cargo"":null,""eh_identidade_mcp"":false,""eh_service_bot"":false,""email_dominio"":""gmail.com"",""equipe"":""Guilherme Nunes"",""leads_vivos"":191,""nome"":""Amanda Dias"",""onboarding_concluido_origem"":""onboarding"",""onboarding_em"":""2026-09-21"",""papeis"":""corretor"",""perfis_com_mesmo_telefone"":1,""profiles_ativo"":true,""roletas_ativas"":3,""sinais"":"""",""status_conta"":""ativa"",""ultima_distribuicao"":""2026-09-28"",""ultima_interacao_propria"":""2026-09-24"",""ultimo_login_brt"":""2026-09-25 13:55"",""vendas_180d"":0},{""cargo"":null,""eh_identidade_mcp"":false,""eh_service_bot"":false,""email_dominio"":""gmail.com"",""equipe"":""Guilherme Nunes"",""leads_vivos"":241,""nome"":""Ana Rita Oliveira Sousa"",""onboarding_concluido_origem"":null,""onboarding_em"":null,""papeis"":""corretor"",""perfis_com_mesmo_telefone"":1,""profiles_ativo"":true,""roletas_ativas"":3,""sinais"":"""",""status_conta"":""ativa"",""ultima_distribuicao"":""2026-09-28"",""ultima_interacao_propria"":""2026-09-28"",""ultimo_login_brt"":""2026-09-28 13:54"",""vendas_180d"":0},{""cargo"":""corretor"",""eh_identidade_mcp"":false,""eh_service_bot"":false,""email_dominio"":""gmail.com"",""equipe"":""Guilherme Nunes"",""leads_vivos"":194,""nome"":""Andrew"",""onboarding_concluido_origem"":""onboarding"",""onboarding_em"":""2026-09-17"",""papeis"":""corretor"",""perfis_com_mesmo_telefone"":1,""profiles_ativo"":true,""roletas_ativas"":13,""sinais"":"""",""status_conta"":""ativa"",""ultima_distribuicao"":""2026-09-27"",""ultima_interacao_propria"":""2026-09-25"",""ultimo_login_brt"":""2026-06-17 16:22"",""vendas_180d"":8},{""cargo"":null,""eh_identidade_mcp"":false,""eh_service_bot"":false,""email_dominio"":""gmail.com"",""equipe"":""Bruno Falcetta"",""leads_vivos"":0,""nome"":""Bruno Carmo"",""onboarding_concluido_origem"":null,""onboarding_em"":null,""papeis"":""gestor"",""perfis_com_mesmo_telefone"":20,""profiles_ativo"":true,""roletas_ativas"":0,""sinais"":"""",""status_conta"":""ativa"",""ultima_distribuicao"":null,""ultima_interacao_propria"":""2026-09-24"",""ultimo_login_brt"":""2026-09-28 12:04"",""vendas_180d"":0},{""cargo"":null,""eh_identidade_mcp"":false,""eh_service_bot"":false,""email_dominio"":""gmail.com"",""equipe"":""Guilherme Nunes"",""leads_vivos"":379,""nome"":""Bruno Soares Martins"",""onboarding_concluido_origem"":""onboarding"",""onboarding_em"":""2026-09-16"",""papeis"":""corretor"",""perfis_com_mesmo_telefone"":1,""profiles_ativo"":true,""roletas_ativas"":8,""sinais"":"""",""status_conta"":""ativa"",""ultima_distribuicao"":""2026-09-25"",""ultima_interacao_propria"":""2026-09-28"",""ultimo_login_brt"":""2026-09-12 20:23"",""vendas_180d"":4},{""cargo"":""Corretor pleno"",""eh_identidade_mcp"":false,""eh_service_bot"":false,""email_dominio"":""gmail.com"",""equipe"":""Bruno Falcetta"",""leads_vivos"":1,""nome"":""Caique Caetano"",""onboarding_concluido_origem"":null,""onboarding_em"":null,""papeis"":""corretor"",""perfis_com_mesmo_telefone"":1,""profiles_ativo"":true,""roletas_ativas"":2,""sinais"":"""",""status_conta"":""ativa"",""ultima_distribuicao"":""2026-08-10"",""ultima_interacao_propria"":""2026-08-18"",""ultimo_login_brt"":""2026-07-27 11:56"",""vendas_180d"":0},{""cargo"":null,""eh_identidade_mcp"":false,""eh_service_bot"":false,""email_dominio"":""gmail.com"",""equipe"":""Bruno Falcetta"",""leads_vivos"":0,""nome"":""Camila Jasmin Torres"",""onboarding_concluido_origem"":null,""onboarding_em"":null,""papeis"":""corretor"",""perfis_com_mesmo_telefone"":1,""profiles_ativo"":true,""roletas_ativas"":2,""sinais"":"""",""status_conta"":""ativa"",""ultima_distribuicao"":""2026-09-23"",""ultima_interacao_propria"":""2026-08-04"",""ultimo_login_brt"":""2026-08-03 15:21"",""vendas_180d"":1},{""cargo"":null,""eh_identidade_mcp"":false,""eh_service_bot"":false,""email_dominio"":""gmail.com"",""equipe"":""Guilherme Nunes"",""leads_vivos"":0,""nome"":""Camille Derolle"",""onboarding_concluido_origem"":null,""onboarding_em"":null,""papeis"":""corretor"",""perfis_com_mesmo_telefone"":1,""profiles_ativo"":true,""roletas_ativas"":2,""sinais"":"""",""status_conta"":""ativa"",""ultima_distribuicao"":""2026-07-21"",""ultima_interacao_propria"":""2026-07-16"",""ultimo_login_brt"":""2026-07-11 09:45"",""vendas_180d"":0},{""cargo"":null,""eh_identidade_mcp"":false,""eh_service_bot"":false,""email_dominio"":""gmail.com"",""equipe"":""Bruno Falcetta"",""leads_vivos"":2,""nome"":""Christiane Praxedes"",""onboarding_concluido_origem"":null,""onboarding_em"":null,""papeis"":""corretor"",""perfis_com_mesmo_telefone"":1,""profiles_ativo"":true,""roletas_ativas"":2,""sinais"":"""",""status_conta"":""ativa"",""ultima_distribuicao"":""2026-09-04"",""ultima_interacao_propria"":""2026-08-28"",""ultimo_login_brt"":""2026-08-28 11:45"",""vendas_180d"":0},{""cargo"":null,""eh_identidade_mcp"":false,""eh_service_bot"":false,""email_dominio"":""gmail.com"",""equipe"":""Guilherme Nunes"",""leads_vivos"":0,""nome"":""Daniel Queiroz Consultor"",""onboarding_concluido_origem"":null,""onboarding_em"":null,""papeis"":""corretor"",""perfis_com_mesmo_telefone"":1,""profiles_ativo"":true,""roletas_ativas"":3,""sinais"":"""",""status_conta"":""ativa"",""ultima_distribuicao"":""2026-09-15"",""ultima_interacao_propria"":""2026-09-15"",""ultimo_login_brt"":""2026-08-06 18:10"",""vendas_180d"":0},{""cargo"":null,""eh_identidade_mcp"":false,""eh_service_bot"":true,""email_dominio"":""seumetroquadrado.com.br"",""equipe"":null,""leads_vivos"":0,""nome"":""docs-bot"",""onboarding_concluido_origem"":null,""onboarding_em"":null,""papeis"":""gestor"",""perfis_com_mesmo_telefone"":20,""profiles_ativo"":true,""roletas_ativas"":0,""sinais"":""bot no nome/e-mail, e-mail institucional"",""status_conta"":""ativa"",""ultima_distribuicao"":null,""ultima_interacao_propria"":null,""ultimo_login_brt"":""2026-09-27 00:31"",""vendas_180d"":0},{""cargo"":null,""eh_identidade_mcp"":false,""eh_service_bot"":false,""email_dominio"":""uorak.com"",""equipe"":null,""leads_vivos"":0,""nome"":""Edson teste junior"",""onboarding_concluido_origem"":null,""onboarding_em"":null,""papeis"":""corretor"",""perfis_com_mesmo_telefone"":20,""profiles_ativo"":false,""roletas_ativas"":0,""sinais"":""nome com teste, e-mail descartável"",""status_conta"":""ativa"",""ultima_distribuicao"":null,""ultima_interacao_propria"":null,""ultimo_login_brt"":""2026-07-08 12:15"",""vendas_180d"":0},{""cargo"":null,""eh_identidade_mcp"":false,""eh_service_bot"":false,""email_dominio"":""gmail.com"",""equipe"":""Bruno Falcetta"",""leads_vivos"":266,""nome"":""eduardo santana"",""onboarding_concluido_origem"":null,""onboarding_em"":null,""papeis"":""corretor"",""perfis_com_mesmo_telefone"":1,""profiles_ativo"":true,""roletas_ativas"":5,""sinais"":"""",""status_conta"":""ativa"",""ultima_distribuicao"":""2026-09-28"",""ultima_interacao_propria"":""2026-09-16"",""ultimo_login_brt"":""2026-09-28 13:07"",""vendas_180d"":0},{""cargo"":null,""eh_identidade_mcp"":false,""eh_service_bot"":false,""email_dominio"":""gmail.com"",""equipe"":""Bruno Falcetta"",""leads_vivos"":151,""nome"":""Ellen Santos"",""onboarding_concluido_origem"":""onboarding"",""onboarding_em"":""2026-09-21"",""papeis"":""corretor"",""perfis_com_mesmo_telefone"":1,""profiles_ativo"":true,""roletas_ativas"":7,""sinais"":"""",""status_conta"":""ativa"",""ultima_distribuicao"":""2026-09-27"",""ultima_interacao_propria"":""2026-09-26"",""ultimo_login_brt"":""2026-09-25 19:23"",""vendas_180d"":3},{""cargo"":""corretora"",""eh_identidade_mcp"":false,""eh_service_bot"":false,""email_dominio"":""gmail.com"",""equipe"":""Sheldon Barbosa"",""leads_vivos"":1,""nome"":""Emilly Vitória"",""onboarding_concluido_origem"":null,""onboarding_em"":null,""papeis"":""corretor"",""perfis_com_mesmo_telefone"":1,""profiles_ativo"":false,""roletas_ativas"":3,""sinais"":"""",""status_conta"":""ativa"",""ultima_distribuicao"":""2026-08-27"",""ultima_interacao_propria"":""2026-08-24"",""ultimo_login_brt"":""2026-08-27 16:13"",""vendas_180d"":2},{""cargo"":null,""eh_identidade_mcp"":false,""eh_service_bot"":false,""email_dominio"":""gmail.com"",""equipe"":""Guilherme Nunes"",""leads_vivos"":343,""nome"":""Emily Damasceno da Silva"",""onboarding_concluido_origem"":null,""onboarding_em"":null,""papeis"":""corretor"",""perfis_com_mesmo_telefone"":1,""profiles_ativo"":true,""roletas_ativas"":1,""sinais"":"""",""status_conta"":""ativa"",""ultima_distribuicao"":""2026-09-17"",""ultima_interacao_propria"":""2026-09-17"",""ultimo_login_brt"":""2026-09-17 09:51"",""vendas_180d"":1},{""cargo"":null,""eh_identidade_mcp"":false,""eh_service_bot"":false,""email_dominio"":""gmail.com"",""equipe"":""Bruno Falcetta"",""leads_vivos"":3,""nome"":""Erick Santos"",""onboarding_concluido_origem"":""onboarding"",""onboarding_em"":""2026-09-21"",""papeis"":""corretor"",""perfis_com_mesmo_telefone"":1,""profiles_ativo"":true,""roletas_ativas"":2,""sinais"":"""",""status_conta"":""ativa"",""ultima_distribuicao"":""2026-09-21"",""ultima_interacao_propria"":""2026-09-22"",""ultimo_login_brt"":""2026-08-24 12:29"",""vendas_180d"":0},{""cargo"":null,""eh_identidade_mcp"":false,""eh_service_bot"":false,""email_dominio"":""seumetroquadrado.local"",""equipe"":""Sheldon Barbosa"",""leads_vivos"":0,""nome"":""Evellyn (Equipe Sheldon)"",""onboarding_concluido_origem"":null,""onboarding_em"":null,""papeis"":""corretor"",""perfis_com_mesmo_telefone"":20,""profiles_ativo"":true,""roletas_ativas"":0,""sinais"":""e-mail .local"",""status_conta"":""ativa"",""ultima_distribuicao"":""2026-09-10"",""ultima_interacao_propria"":null,""ultimo_login_brt"":null,""vendas_180d"":3},{""cargo"":null,""eh_identidade_mcp"":false,""eh_service_bot"":false,""email_dominio"":""gmail.com"",""equipe"":null,""leads_vivos"":0,""nome"":""Fabio Magazoni"",""onboarding_concluido_origem"":null,""onboarding_em"":null,""papeis"":""admin"",""perfis_com_mesmo_telefone"":20,""profiles_ativo"":true,""roletas_ativas"":0,""sinais"":"""",""status_conta"":""ativa"",""ultima_distribuicao"":null,""ultima_interacao_propria"":""2026-09-25"",""ultimo_login_brt"":""2026-09-22 13:23"",""vendas_180d"":0},{""cargo"":null,""eh_identidade_mcp"":false,""eh_service_bot"":false,""email_dominio"":""gmail.com"",""equipe"":""Bruno Falcetta"",""leads_vivos"":132,""nome"":""Felipe França"",""onboarding_concluido_origem"":null,""onboarding_em"":null,""papeis"":""corretor"",""perfis_com_mesmo_telefone"":1,""profiles_ativo"":true,""roletas_ativas"":5,""sinais"":"""",""status_conta"":""ativa"",""ultima_distribuicao"":""2026-09-28"",""ultima_interacao_propria"":""2026-09-28"",""ultimo_login_brt"":""2026-09-17 15:38"",""vendas_180d"":0},{""cargo"":null,""eh_identidade_mcp"":false,""eh_service_bot"":false,""email_dominio"":""gmail.com"",""equipe"":""Sheldon Barbosa"",""leads_vivos"":0,""nome"":""Felippe Andrade"",""onboarding_concluido_origem"":null,""onboarding_em"":null,""papeis"":""corretor"",""perfis_com_mesmo_telefone"":20,""profiles_ativo"":true,""roletas_ativas"":0,""sinais"":"""",""status_conta"":""ativa"",""ultima_distribuicao"":null,""ultima_interacao_propria"":null,""ultimo_login_brt"":""2026-08-28 17:40"",""vendas_180d"":0},{""cargo"":""corretor"",""eh_identidade_mcp"":false,""eh_service_bot"":false,""email_dominio"":""gmail.com"",""equipe"":""Guilherme Nunes"",""leads_vivos"":426,""nome"":""graziele gomes de jesus graziele gomes"",""onboarding_concluido_origem"":""onboarding"",""onboarding_em"":""2026-09-21"",""papeis"":""corretor"",""perfis_com_mesmo_telefone"":1,""profiles_ativo"":true,""roletas_ativas"":14,""sinais"":"""",""status_conta"":""ativa"",""ultima_distribuicao"":""2026-09-28"",""ultima_interacao_propria"":""2026-09-28"",""ultimo_login_brt"":""2026-09-23 12:24"",""vendas_180d"":4},{""cargo"":null,""eh_identidade_mcp"":false,""eh_service_bot"":false,""email_dominio"":""gmail.com"",""equipe"":""Bruno Falcetta"",""leads_vivos"":30,""nome"":""Guilherme Cillo"",""onboarding_concluido_origem"":null,""onboarding_em"":null,""papeis"":""corretor"",""perfis_com_mesmo_telefone"":1,""profiles_ativo"":true,""roletas_ativas"":4,""sinais"":"""",""status_conta"":""ativa"",""ultima_distribuicao"":""2026-09-28"",""ultima_interacao_propria"":""2026-09-28"",""ultimo_login_brt"":""2026-09-24 16:27"",""vendas_180d"":0},{""cargo"":null,""eh_identidade_mcp"":false,""eh_service_bot"":false,""email_dominio"":""gmail.com"",""equipe"":""Guilherme Nunes"",""leads_vivos"":4,""nome"":""Guilherme Nunes Barbosa"",""onboarding_concluido_origem"":null,""onboarding_em"":null,""papeis"":""admin,gestor"",""perfis_com_mesmo_telefone"":3,""profiles_ativo"":true,""roletas_ativas"":2,""sinais"":"""",""status_conta"":""ativa"",""ultima_distribuicao"":""2026-08-22"",""ultima_interacao_propria"":null,""ultimo_login_brt"":""2026-08-20 18:14"",""vendas_180d"":0},{""cargo"":""Corretor"",""eh_identidade_mcp"":false,""eh_service_bot"":false,""email_dominio"":""gmail.com"",""equipe"":""Sheldon Barbosa"",""leads_vivos"":0,""nome"":""Igor Nigro"",""onboarding_concluido_origem"":null,""onboarding_em"":null,""papeis"":""corretor"",""perfis_com_mesmo_telefone"":1,""profiles_ativo"":true,""roletas_ativas"":0,""sinais"":"""",""status_conta"":""ativa"",""ultima_distribuicao"":null,""ultima_interacao_propria"":null,""ultimo_login_brt"":""2026-08-29 13:35"",""vendas_180d"":0},{""cargo"":null,""eh_identidade_mcp"":false,""eh_service_bot"":false,""email_dominio"":""gmail.com"",""equipe"":""Guilherme Nunes"",""leads_vivos"":121,""nome"":""Ingrid Queiroz"",""onboarding_concluido_origem"":null,""onboarding_em"":null,""papeis"":""corretor"",""perfis_com_mesmo_telefone"":1,""profiles_ativo"":true,""roletas_ativas"":1,""sinais"":"""",""status_conta"":""ativa"",""ultima_distribuicao"":""2026-09-26"",""ultima_interacao_propria"":""2026-09-26"",""ultimo_login_brt"":""2026-09-17 09:19"",""vendas_180d"":0},{""cargo"":""corretor"",""eh_identidade_mcp"":false,""eh_service_bot"":false,""email_dominio"":""gmail.com"",""equipe"":""Guilherme Nunes"",""leads_vivos"":667,""nome"":""Jefferson Luiz"",""onboarding_concluido_origem"":""onboarding"",""onboarding_em"":""2026-09-20"",""papeis"":""corretor"",""perfis_com_mesmo_telefone"":1,""profiles_ativo"":true,""roletas_ativas"":9,""sinais"":"""",""status_conta"":""ativa"",""ultima_distribuicao"":""2026-09-28"",""ultima_interacao_propria"":""2026-09-28"",""ultimo_login_brt"":""2026-08-12 14:45"",""vendas_180d"":3},{""cargo"":null,""eh_identidade_mcp"":false,""eh_service_bot"":false,""email_dominio"":""gmail.com"",""equipe"":""Guilherme Nunes"",""leads_vivos"":379,""nome"":""Jessica Sobral"",""onboarding_concluido_origem"":null,""onboarding_em"":null,""papeis"":""corretor"",""perfis_com_mesmo_telefone"":1,""profiles_ativo"":true,""roletas_ativas"":12,""sinais"":"""",""status_conta"":""ativa"",""ultima_distribuicao"":""2026-09-26"",""ultima_interacao_propria"":""2026-08-13"",""ultimo_login_brt"":""2026-06-16 14:58"",""vendas_180d"":4},{""cargo"":null,""eh_identidade_mcp"":false,""eh_service_bot"":false,""email_dominio"":""gmail.com"",""equipe"":""Sheldon Barbosa"",""leads_vivos"":0,""nome"":""João Victor Paes Dantas"",""onboarding_concluido_origem"":null,""onboarding_em"":null,""papeis"":""corretor"",""perfis_com_mesmo_telefone"":20,""profiles_ativo"":true,""roletas_ativas"":0,""sinais"":"""",""status_conta"":""ativa"",""ultima_distribuicao"":null,""ultima_interacao_propria"":null,""ultimo_login_brt"":""2026-08-28 17:39"",""vendas_180d"":0},{""cargo"":null,""eh_identidade_mcp"":false,""eh_service_bot"":false,""email_dominio"":"""",""equipe"":""Guilherme Nunes"",""leads_vivos"":0,""nome"":""Kamilla Lima"",""onboarding_concluido_origem"":null,""onboarding_em"":null,""papeis"":""corretor"",""perfis_com_mesmo_telefone"":20,""profiles_ativo"":true,""roletas_ativas"":0,""sinais"":""e-mail vazio"",""status_conta"":""ativa"",""ultima_distribuicao"":""2026-07-30"",""ultima_interacao_propria"":null,""ultimo_login_brt"":null,""vendas_180d"":13},{""cargo"":null,""eh_identidade_mcp"":false,""eh_service_bot"":false,""email_dominio"":""gmail.com"",""equipe"":null,""leads_vivos"":0,""nome"":""Kauan"",""onboarding_concluido_origem"":null,""onboarding_em"":null,""papeis"":""sdr"",""perfis_com_mesmo_telefone"":1,""profiles_ativo"":true,""roletas_ativas"":0,""sinais"":"""",""status_conta"":""ativa"",""ultima_distribuicao"":""2026-09-24"",""ultima_interacao_propria"":""2026-09-24"",""ultimo_login_brt"":""2026-09-28 12:18"",""vendas_180d"":0},{""cargo"":null,""eh_identidade_mcp"":false,""eh_service_bot"":false,""email_dominio"":""gmail.com"",""equipe"":""Bruno Falcetta"",""leads_vivos"":234,""nome"":""Kauanny vieira"",""onboarding_concluido_origem"":""onboarding"",""onboarding_em"":""2026-09-19"",""papeis"":""corretor"",""perfis_com_mesmo_telefone"":1,""profiles_ativo"":true,""roletas_ativas"":4,""sinais"":"""",""status_conta"":""ativa"",""ultima_distribuicao"":""2026-09-23"",""ultima_interacao_propria"":""2026-09-22"",""ultimo_login_brt"":""2026-09-15 13:56"",""vendas_180d"":1},{""cargo"":""Corretor"",""eh_identidade_mcp"":false,""eh_service_bot"":false,""email_dominio"":""gmail.com"",""equipe"":""Bruno Falcetta"",""leads_vivos"":224,""nome"":""Leonardo vrena"",""onboarding_concluido_origem"":null,""onboarding_em"":null,""papeis"":""corretor"",""perfis_com_mesmo_telefone"":1,""profiles_ativo"":true,""roletas_ativas"":3,""sinais"":"""",""status_conta"":""ativa"",""ultima_distribuicao"":""2026-09-17"",""ultima_interacao_propria"":""2026-09-28"",""ultimo_login_brt"":""2026-09-28 13:49"",""vendas_180d"":1},{""cargo"":null,""eh_identidade_mcp"":false,""eh_service_bot"":false,""email_dominio"":""uorak.com"",""equipe"":null,""leads_vivos"":0,""nome"":""Leticia amaral braga"",""onboarding_concluido_origem"":null,""onboarding_em"":null,""papeis"":""corretor"",""perfis_com_mesmo_telefone"":20,""profiles_ativo"":false,""roletas_ativas"":0,""sinais"":""e-mail descartável"",""status_conta"":""ativa"",""ultima_distribuicao"":null,""ultima_interacao_propria"":null,""ultimo_login_brt"":""2026-07-08 12:09"",""vendas_180d"":0},{""cargo"":null,""eh_identidade_mcp"":false,""eh_service_bot"":false,""email_dominio"":""dysonc.com"",""equipe"":null,""leads_vivos"":0,""nome"":""Leticia amaral braga"",""onboarding_concluido_origem"":null,""onboarding_em"":null,""papeis"":""corretor"",""perfis_com_mesmo_telefone"":20,""profiles_ativo"":false,""roletas_ativas"":0,""sinais"":""e-mail descartável"",""status_conta"":""ativa"",""ultima_distribuicao"":null,""ultima_interacao_propria"":null,""ultimo_login_brt"":""2026-07-08 12:06"",""vendas_180d"":0},{""cargo"":""corretor"",""eh_identidade_mcp"":false,""eh_service_bot"":false,""email_dominio"":""gmail.com"",""equipe"":""Guilherme Nunes"",""leads_vivos"":481,""nome"":""Leticia Brandão"",""onboarding_concluido_origem"":null,""onboarding_em"":null,""papeis"":""corretor"",""perfis_com_mesmo_telefone"":1,""profiles_ativo"":true,""roletas_ativas"":14,""sinais"":"""",""status_conta"":""ativa"",""ultima_distribuicao"":""2026-09-27"",""ultima_interacao_propria"":""2026-09-17"",""ultimo_login_brt"":""2026-08-12 10:55"",""vendas_180d"":1},{""cargo"":""corretor"",""eh_identidade_mcp"":false,""eh_service_bot"":false,""email_dominio"":""gmail.com"",""equipe"":""Guilherme Nunes"",""leads_vivos"":227,""nome"":""Leticia Castro"",""onboarding_concluido_origem"":null,""onboarding_em"":null,""papeis"":""corretor"",""perfis_com_mesmo_telefone"":1,""profiles_ativo"":true,""roletas_ativas"":6,""sinais"":"""",""status_conta"":""ativa"",""ultima_distribuicao"":""2026-09-23"",""ultima_interacao_propria"":""2026-09-23"",""ultimo_login_brt"":""2026-08-19 13:07"",""vendas_180d"":1},{""cargo"":null,""eh_identidade_mcp"":false,""eh_service_bot"":false,""email_dominio"":""gmail.com"",""equipe"":""Bruno Falcetta"",""leads_vivos"":0,""nome"":""Luiz Fernando"",""onboarding_concluido_origem"":null,""onboarding_em"":null,""papeis"":""corretor"",""perfis_com_mesmo_telefone"":1,""profiles_ativo"":true,""roletas_ativas"":1,""sinais"":"""",""status_conta"":""ativa"",""ultima_distribuicao"":""2026-08-21"",""ultima_interacao_propria"":null,""ultimo_login_brt"":""2026-08-21 12:42"",""vendas_180d"":0},{""cargo"":null,""eh_identidade_mcp"":false,""eh_service_bot"":false,""email_dominio"":""gmail.com"",""equipe"":""Bruno Falcetta"",""leads_vivos"":136,""nome"":""Maria Santos"",""onboarding_concluido_origem"":""onboarding"",""onboarding_em"":""2026-09-17"",""papeis"":""corretor"",""perfis_com_mesmo_telefone"":1,""profiles_ativo"":true,""roletas_ativas"":5,""sinais"":"""",""status_conta"":""ativa"",""ultima_distribuicao"":""2026-09-28"",""ultima_interacao_propria"":""2026-09-28"",""ultimo_login_brt"":""2026-09-28 11:27"",""vendas_180d"":0},{""cargo"":null,""eh_identidade_mcp"":false,""eh_service_bot"":false,""email_dominio"":""ezimb.com"",""equipe"":null,""leads_vivos"":0,""nome"":""Meu metro De Login"",""onboarding_concluido_origem"":null,""onboarding_em"":null,""papeis"":""corretor"",""perfis_com_mesmo_telefone"":20,""profiles_ativo"":false,""roletas_ativas"":0,""sinais"":""e-mail descartável"",""status_conta"":""ativa"",""ultima_distribuicao"":null,""ultima_interacao_propria"":null,""ultimo_login_brt"":""2026-07-07 13:43"",""vendas_180d"":0},{""cargo"":null,""eh_identidade_mcp"":false,""eh_service_bot"":false,""email_dominio"":""tozya.com"",""equipe"":null,""leads_vivos"":0,""nome"":""Meu metro De Login"",""onboarding_concluido_origem"":null,""onboarding_em"":null,""papeis"":""corretor"",""perfis_com_mesmo_telefone"":20,""profiles_ativo"":false,""roletas_ativas"":0,""sinais"":""e-mail descartável"",""status_conta"":""ativa"",""ultima_distribuicao"":null,""ultima_interacao_propria"":null,""ultimo_login_brt"":""2026-07-07 17:55"",""vendas_180d"":0},{""cargo"":null,""eh_identidade_mcp"":false,""eh_service_bot"":false,""email_dominio"":""gmail.com"",""equipe"":""Guilherme Nunes"",""leads_vivos"":0,""nome"":""Michelli Lopes"",""onboarding_concluido_origem"":null,""onboarding_em"":null,""papeis"":""corretor"",""perfis_com_mesmo_telefone"":1,""profiles_ativo"":true,""roletas_ativas"":1,""sinais"":"""",""status_conta"":""ativa"",""ultima_distribuicao"":""2026-06-19"",""ultima_interacao_propria"":""2026-05-10"",""ultimo_login_brt"":null,""vendas_180d"":0},{""cargo"":null,""eh_identidade_mcp"":false,""eh_service_bot"":false,""email_dominio"":"""",""equipe"":""Guilherme Nunes"",""leads_vivos"":0,""nome"":""Patrícia Santos"",""onboarding_concluido_origem"":null,""onboarding_em"":null,""papeis"":""corretor"",""perfis_com_mesmo_telefone"":20,""profiles_ativo"":true,""roletas_ativas"":0,""sinais"":""e-mail vazio"",""status_conta"":""ativa"",""ultima_distribuicao"":""2026-07-30"",""ultima_interacao_propria"":null,""ultimo_login_brt"":null,""vendas_180d"":2},{""cargo"":null,""eh_identidade_mcp"":false,""eh_service_bot"":false,""email_dominio"":""gmail.com"",""equipe"":""Sheldon Barbosa"",""leads_vivos"":0,""nome"":""Pitter Reis Souza"",""onboarding_concluido_origem"":null,""onboarding_em"":null,""papeis"":""corretor"",""perfis_com_mesmo_telefone"":20,""profiles_ativo"":true,""roletas_ativas"":0,""sinais"":"""",""status_conta"":""ativa"",""ultima_distribuicao"":""2026-09-10"",""ultima_interacao_propria"":null,""ultimo_login_brt"":null,""vendas_180d"":3},{""cargo"":null,""eh_identidade_mcp"":false,""eh_service_bot"":false,""email_dominio"":""gmail.com"",""equipe"":""Bruno Falcetta"",""leads_vivos"":33,""nome"":""Rangel"",""onboarding_concluido_origem"":""onboarding"",""onboarding_em"":""2026-09-17"",""papeis"":""corretor"",""perfis_com_mesmo_telefone"":1,""profiles_ativo"":true,""roletas_ativas"":0,""sinais"":"""",""status_conta"":""ativa"",""ultima_distribuicao"":""2026-09-17"",""ultima_interacao_propria"":""2026-09-17"",""ultimo_login_brt"":""2026-09-15 16:53"",""vendas_180d"":0},{""cargo"":null,""eh_identidade_mcp"":false,""eh_service_bot"":false,""email_dominio"":""gmail.com"",""equipe"":""Bruno Falcetta"",""leads_vivos"":1,""nome"":""Sara Braga"",""onboarding_concluido_origem"":null,""onboarding_em"":null,""papeis"":""corretor"",""perfis_com_mesmo_telefone"":20,""profiles_ativo"":true,""roletas_ativas"":2,""sinais"":"""",""status_conta"":""ativa"",""ultima_distribuicao"":""2026-09-01"",""ultima_interacao_propria"":""2026-09-01"",""ultimo_login_brt"":""2026-09-01 18:20"",""vendas_180d"":0},{""cargo"":null,""eh_identidade_mcp"":false,""eh_service_bot"":false,""email_dominio"":""gmail.com"",""equipe"":""Bruno Falcetta"",""leads_vivos"":41,""nome"":""Sara Leoni"",""onboarding_concluido_origem"":null,""onboarding_em"":null,""papeis"":""corretor"",""perfis_com_mesmo_telefone"":1,""profiles_ativo"":true,""roletas_ativas"":1,""sinais"":"""",""status_conta"":""ativa"",""ultima_distribuicao"":""2026-09-15"",""ultima_interacao_propria"":""2026-09-15"",""ultimo_login_brt"":""2026-09-14 14:26"",""vendas_180d"":0},{""cargo"":""Admin"",""eh_identidade_mcp"":false,""eh_service_bot"":false,""email_dominio"":""seumetroquadrado.com"",""equipe"":null,""leads_vivos"":0,""nome"":""Seu Metro Quadrado"",""onboarding_concluido_origem"":null,""onboarding_em"":null,""papeis"":""admin"",""perfis_com_mesmo_telefone"":3,""profiles_ativo"":true,""roletas_ativas"":0,""sinais"":""e-mail institucional"",""status_conta"":""ativa"",""ultima_distribuicao"":""2026-07-29"",""ultima_interacao_propria"":""2026-09-28"",""ultimo_login_brt"":""2026-09-24 17:48"",""vendas_180d"":0},{""cargo"":null,""eh_identidade_mcp"":false,""eh_service_bot"":false,""email_dominio"":""gmail.com"",""equipe"":""Sheldon Barbosa"",""leads_vivos"":0,""nome"":""Sheldon Barbosa"",""onboarding_concluido_origem"":null,""onboarding_em"":null,""papeis"":""gestor"",""perfis_com_mesmo_telefone"":20,""profiles_ativo"":true,""roletas_ativas"":0,""sinais"":"""",""status_conta"":""ativa"",""ultima_distribuicao"":""2026-09-09"",""ultima_interacao_propria"":null,""ultimo_login_brt"":""2026-09-01 12:22"",""vendas_180d"":22},{""cargo"":null,""eh_identidade_mcp"":false,""eh_service_bot"":false,""email_dominio"":""gmail.com"",""equipe"":""Guilherme Nunes"",""leads_vivos"":0,""nome"":""Thauany Cobra"",""onboarding_concluido_origem"":null,""onboarding_em"":null,""papeis"":""corretor"",""perfis_com_mesmo_telefone"":3,""profiles_ativo"":true,""roletas_ativas"":2,""sinais"":"""",""status_conta"":""ativa"",""ultima_distribuicao"":""2026-08-10"",""ultima_interacao_propria"":""2026-08-10"",""ultimo_login_brt"":""2026-07-27 17:34"",""vendas_180d"":0},{""cargo"":null,""eh_identidade_mcp"":false,""eh_service_bot"":false,""email_dominio"":""gmail.com"",""equipe"":""Bruno Falcetta"",""leads_vivos"":252,""nome"":""Thiago Fávaro"",""onboarding_concluido_origem"":""onboarding"",""onboarding_em"":""2026-09-16"",""papeis"":""corretor"",""perfis_com_mesmo_telefone"":1,""profiles_ativo"":true,""roletas_ativas"":6,""sinais"":"""",""status_conta"":""ativa"",""ultima_distribuicao"":""2026-09-28"",""ultima_interacao_propria"":""2026-09-26"",""ultimo_login_brt"":""2026-09-26 12:00"",""vendas_180d"":0},{""cargo"":""SDR"",""eh_identidade_mcp"":false,""eh_service_bot"":false,""email_dominio"":""gmail.com"",""equipe"":null,""leads_vivos"":1,""nome"":""Vanessa Melo"",""onboarding_concluido_origem"":null,""onboarding_em"":null,""papeis"":""sdr"",""perfis_com_mesmo_telefone"":1,""profiles_ativo"":true,""roletas_ativas"":1,""sinais"":"""",""status_conta"":""ativa"",""ultima_distribuicao"":""2026-09-28"",""ultima_interacao_propria"":""2026-09-28"",""ultimo_login_brt"":""2026-09-23 14:02"",""vendas_180d"":0},{""cargo"":null,""eh_identidade_mcp"":false,""eh_service_bot"":false,""email_dominio"":""gmail.com"",""equipe"":""Guilherme Nunes"",""leads_vivos"":0,""nome"":""Aline Dias"",""onboarding_concluido_origem"":null,""onboarding_em"":null,""papeis"":null,""perfis_com_mesmo_telefone"":1,""profiles_ativo"":false,""roletas_ativas"":8,""sinais"":"""",""status_conta"":""bloqueada"",""ultima_distribuicao"":""2026-09-01"",""ultima_interacao_propria"":""2026-08-04"",""ultimo_login_brt"":""2026-08-04 10:47"",""vendas_180d"":0},{""cargo"":null,""eh_identidade_mcp"":false,""eh_service_bot"":false,""email_dominio"":""gmail.com"",""equipe"":""Guilherme Nunes"",""leads_vivos"":402,""nome"":""Ana Caroline Pereira"",""onboarding_concluido_origem"":null,""onboarding_em"":null,""papeis"":null,""perfis_com_mesmo_telefone"":1,""profiles_ativo"":false,""roletas_ativas"":12,""sinais"":"""",""status_conta"":""bloqueada"",""ultima_distribuicao"":""2026-09-21"",""ultima_interacao_propria"":""2026-09-14"",""ultimo_login_brt"":""2026-09-24 18:26"",""vendas_180d"":1},{""cargo"":""corretor"",""eh_identidade_mcp"":false,""eh_service_bot"":false,""email_dominio"":""gmail.com"",""equipe"":""Bruno Falcetta"",""leads_vivos"":5,""nome"":""cauã Caetano"",""onboarding_concluido_origem"":null,""onboarding_em"":null,""papeis"":null,""perfis_com_mesmo_telefone"":1,""profiles_ativo"":false,""roletas_ativas"":2,""sinais"":"""",""status_conta"":""bloqueada"",""ultima_distribuicao"":""2026-08-21"",""ultima_interacao_propria"":""2026-08-21"",""ultimo_login_brt"":""2026-08-21 15:17"",""vendas_180d"":0},{""cargo"":null,""eh_identidade_mcp"":false,""eh_service_bot"":false,""email_dominio"":"""",""equipe"":""Guilherme Nunes"",""leads_vivos"":0,""nome"":""Daniel Lacerda"",""onboarding_concluido_origem"":null,""onboarding_em"":null,""papeis"":""corretor"",""perfis_com_mesmo_telefone"":20,""profiles_ativo"":false,""roletas_ativas"":0,""sinais"":""e-mail vazio"",""status_conta"":""bloqueada"",""ultima_distribuicao"":null,""ultima_interacao_propria"":null,""ultimo_login_brt"":null,""vendas_180d"":1},{""cargo"":null,""eh_identidade_mcp"":false,""eh_service_bot"":false,""email_dominio"":"""",""equipe"":""Guilherme Nunes"",""leads_vivos"":0,""nome"":""Dayane Santos"",""onboarding_concluido_origem"":null,""onboarding_em"":null,""papeis"":""superintendente"",""perfis_com_mesmo_telefone"":20,""profiles_ativo"":false,""roletas_ativas"":0,""sinais"":""e-mail vazio"",""status_conta"":""bloqueada"",""ultima_distribuicao"":null,""ultima_interacao_propria"":null,""ultimo_login_brt"":null,""vendas_180d"":0},{""cargo"":null,""eh_identidade_mcp"":false,""eh_service_bot"":false,""email_dominio"":""gmail.com"",""equipe"":""Guilherme Nunes"",""leads_vivos"":0,""nome"":""Ezequiel Silva"",""onboarding_concluido_origem"":null,""onboarding_em"":null,""papeis"":null,""perfis_com_mesmo_telefone"":1,""profiles_ativo"":false,""roletas_ativas"":3,""sinais"":"""",""status_conta"":""bloqueada"",""ultima_distribuicao"":""2026-07-27"",""ultima_interacao_propria"":""2026-07-27"",""ultimo_login_brt"":""2026-07-25 15:51"",""vendas_180d"":0},{""cargo"":null,""eh_identidade_mcp"":false,""eh_service_bot"":false,""email_dominio"":"""",""equipe"":""Guilherme Nunes"",""leads_vivos"":0,""nome"":""Fabio Paes"",""onboarding_concluido_origem"":null,""onboarding_em"":null,""papeis"":""corretor"",""perfis_com_mesmo_telefone"":20,""profiles_ativo"":false,""roletas_ativas"":0,""sinais"":""e-mail vazio"",""status_conta"":""bloqueada"",""ultima_distribuicao"":null,""ultima_interacao_propria"":null,""ultimo_login_brt"":null,""vendas_180d"":0},{""cargo"":null,""eh_identidade_mcp"":false,""eh_service_bot"":false,""email_dominio"":""gmail.com"",""equipe"":""Guilherme Nunes"",""leads_vivos"":0,""nome"":""Geovani da Silva Santos"",""onboarding_concluido_origem"":null,""onboarding_em"":null,""papeis"":null,""perfis_com_mesmo_telefone"":1,""profiles_ativo"":false,""roletas_ativas"":2,""sinais"":"""",""status_conta"":""bloqueada"",""ultima_distribuicao"":""2026-07-31"",""ultima_interacao_propria"":""2026-08-12"",""ultimo_login_brt"":""2026-07-28 08:11"",""vendas_180d"":1},{""cargo"":""Corretora"",""eh_identidade_mcp"":false,""eh_service_bot"":false,""email_dominio"":""gmail.com"",""equipe"":""Guilherme Nunes"",""leads_vivos"":3,""nome"":""Juliana Alonso"",""onboarding_concluido_origem"":null,""onboarding_em"":null,""papeis"":null,""perfis_com_mesmo_telefone"":1,""profiles_ativo"":false,""roletas_ativas"":2,""sinais"":"""",""status_conta"":""bloqueada"",""ultima_distribuicao"":""2026-08-28"",""ultima_interacao_propria"":""2026-07-08"",""ultimo_login_brt"":""2026-06-20 12:48"",""vendas_180d"":1},{""cargo"":null,""eh_identidade_mcp"":false,""eh_service_bot"":false,""email_dominio"":"""",""equipe"":""Guilherme Nunes"",""leads_vivos"":0,""nome"":""Kauan Ribeiro"",""onboarding_concluido_origem"":null,""onboarding_em"":null,""papeis"":""corretor"",""perfis_com_mesmo_telefone"":20,""profiles_ativo"":false,""roletas_ativas"":0,""sinais"":""e-mail vazio"",""status_conta"":""bloqueada"",""ultima_distribuicao"":null,""ultima_interacao_propria"":null,""ultimo_login_brt"":null,""vendas_180d"":0},{""cargo"":null,""eh_identidade_mcp"":false,""eh_service_bot"":false,""email_dominio"":""gmail.com"",""equipe"":""Guilherme Nunes"",""leads_vivos"":7,""nome"":""Luiz Carlos De Veras"",""onboarding_concluido_origem"":null,""onboarding_em"":null,""papeis"":null,""perfis_com_mesmo_telefone"":1,""profiles_ativo"":false,""roletas_ativas"":3,""sinais"":"""",""status_conta"":""bloqueada"",""ultima_distribuicao"":""2026-08-21"",""ultima_interacao_propria"":""2026-08-21"",""ultimo_login_brt"":""2026-07-03 10:26"",""vendas_180d"":0},{""cargo"":""corretora"",""eh_identidade_mcp"":false,""eh_service_bot"":false,""email_dominio"":""gmail.com"",""equipe"":""Guilherme Nunes"",""leads_vivos"":0,""nome"":""Maria Clara"",""onboarding_concluido_origem"":null,""onboarding_em"":null,""papeis"":null,""perfis_com_mesmo_telefone"":1,""profiles_ativo"":false,""roletas_ativas"":3,""sinais"":"""",""status_conta"":""bloqueada"",""ultima_distribuicao"":""2026-08-14"",""ultima_interacao_propria"":""2026-09-02"",""ultimo_login_brt"":""2026-07-15 15:57"",""vendas_180d"":0},{""cargo"":""corretor"",""eh_identidade_mcp"":false,""eh_service_bot"":false,""email_dominio"":""gmail.com"",""equipe"":""Guilherme Nunes"",""leads_vivos"":0,""nome"":""Monica Santos"",""onboarding_concluido_origem"":null,""onboarding_em"":null,""papeis"":null,""perfis_com_mesmo_telefone"":1,""profiles_ativo"":false,""roletas_ativas"":2,""sinais"":"""",""status_conta"":""bloqueada"",""ultima_distribuicao"":""2026-08-17"",""ultima_interacao_propria"":""2026-08-17"",""ultimo_login_brt"":""2026-06-17 10:32"",""vendas_180d"":4},{""cargo"":""Corretor(a)"",""eh_identidade_mcp"":false,""eh_service_bot"":false,""email_dominio"":""gmail.com"",""equipe"":""Guilherme Nunes"",""leads_vivos"":0,""nome"":""Paula Akahoshi"",""onboarding_concluido_origem"":null,""onboarding_em"":null,""papeis"":null,""perfis_com_mesmo_telefone"":1,""profiles_ativo"":false,""roletas_ativas"":1,""sinais"":"""",""status_conta"":""bloqueada"",""ultima_distribuicao"":""2026-07-08"",""ultima_interacao_propria"":""2026-07-14"",""ultimo_login_brt"":""2026-07-08 11:31"",""vendas_180d"":0},{""cargo"":null,""eh_identidade_mcp"":false,""eh_service_bot"":false,""email_dominio"":""gmail.com"",""equipe"":""Guilherme Nunes"",""leads_vivos"":1,""nome"":""Taynara Souza"",""onboarding_concluido_origem"":null,""onboarding_em"":null,""papeis"":null,""perfis_com_mesmo_telefone"":1,""profiles_ativo"":false,""roletas_ativas"":2,""sinais"":"""",""status_conta"":""bloqueada"",""ultima_distribuicao"":""2026-06-19"",""ultima_interacao_propria"":""2026-06-18"",""ultimo_login_brt"":""2026-06-18 15:55"",""vendas_180d"":1},{""cargo"":""corretor"",""eh_identidade_mcp"":false,""eh_service_bot"":false,""email_dominio"":""gmail.com"",""equipe"":""Guilherme Nunes"",""leads_vivos"":0,""nome"":""Valkyria Tomazin"",""onboarding_concluido_origem"":null,""onboarding_em"":null,""papeis"":null,""perfis_com_mesmo_telefone"":1,""profiles_ativo"":false,""roletas_ativas"":2,""sinais"":"""",""status_conta"":""bloqueada"",""ultima_distribuicao"":""2026-07-17"",""ultima_interacao_propria"":""2026-07-26"",""ultimo_login_brt"":""2026-06-16 13:16"",""vendas_180d"":1}]"
I1a;11;"[{""atribuicoes"":1386,""com_algum_contato"":853,""com_chamada"":0,""com_interacao"":346,""com_mensagem"":0,""com_saida_da_fila"":795,""gatilho"":""(sem contexto)""},{""atribuicoes"":1385,""com_algum_contato"":662,""com_chamada"":0,""com_interacao"":315,""com_mensagem"":0,""com_saida_da_fila"":638,""gatilho"":""estoque""},{""atribuicoes"":992,""com_algum_contato"":550,""com_chamada"":25,""com_interacao"":187,""com_mensagem"":0,""com_saida_da_fila"":543,""gatilho"":""cron""},{""atribuicoes"":438,""com_algum_contato"":234,""com_chamada"":7,""com_interacao"":140,""com_mensagem"":0,""com_saida_da_fila"":191,""gatilho"":""lead_perdido""},{""atribuicoes"":426,""com_algum_contato"":268,""com_chamada"":0,""com_interacao"":61,""com_mensagem"":0,""com_saida_da_fila"":254,""gatilho"":""lead_parado""},{""atribuicoes"":154,""com_algum_contato"":75,""com_chamada"":0,""com_interacao"":45,""com_mensagem"":0,""com_saida_da_fila"":71,""gatilho"":""sla_webhook""},{""atribuicoes"":143,""com_algum_contato"":27,""com_chamada"":0,""com_interacao"":26,""com_mensagem"":0,""com_saida_da_fila"":24,""gatilho"":""webhook""},{""atribuicoes"":36,""com_algum_contato"":14,""com_chamada"":0,""com_interacao"":1,""com_mensagem"":0,""com_saida_da_fila"":14,""gatilho"":""sla_webhook_imediato""},{""atribuicoes"":11,""com_algum_contato"":5,""com_chamada"":0,""com_interacao"":5,""com_mensagem"":0,""com_saida_da_fila"":0,""gatilho"":""agendamento_visita""},{""atribuicoes"":6,""com_algum_contato"":1,""com_chamada"":0,""com_interacao"":1,""com_mensagem"":0,""com_saida_da_fila"":0,""gatilho"":""agendamento_sdr""},{""atribuicoes"":1,""com_algum_contato"":1,""com_chamada"":0,""com_interacao"":1,""com_mensagem"":0,""com_saida_da_fila"":0,""gatilho"":""reparo_visita_sdr""}]"
I1b;12;"[{""atribuicoes"":513,""contatadas"":412,""mediana_hhmm_uteis"":""00:14"",""nome"":""Maria Santos"",""pct_sem_contato_registrado"":19.7},{""atribuicoes"":482,""contatadas"":304,""mediana_hhmm_uteis"":""01:24"",""nome"":""eduardo santana"",""pct_sem_contato_registrado"":36.9},{""atribuicoes"":463,""contatadas"":130,""mediana_hhmm_uteis"":""01:21"",""nome"":""Jefferson Luiz"",""pct_sem_contato_registrado"":71.9},{""atribuicoes"":352,""contatadas"":179,""mediana_hhmm_uteis"":""00:03"",""nome"":""graziele gomes de jesus graziele gomes"",""pct_sem_contato_registrado"":49.1},{""atribuicoes"":264,""contatadas"":119,""mediana_hhmm_uteis"":""00:11"",""nome"":""Guilherme Cillo"",""pct_sem_contato_registrado"":54.9},{""atribuicoes"":170,""contatadas"":82,""mediana_hhmm_uteis"":""00:08"",""nome"":""Leticia Brandão"",""pct_sem_contato_registrado"":51.8},{""atribuicoes"":169,""contatadas"":123,""mediana_hhmm_uteis"":""00:00"",""nome"":""Felipe França"",""pct_sem_contato_registrado"":27.2},{""atribuicoes"":167,""contatadas"":115,""mediana_hhmm_uteis"":""00:05"",""nome"":""Ellen Santos"",""pct_sem_contato_registrado"":31.1},{""atribuicoes"":165,""contatadas"":125,""mediana_hhmm_uteis"":""00:28"",""nome"":""Ana Rita Oliveira Sousa"",""pct_sem_contato_registrado"":24.2},{""atribuicoes"":135,""contatadas"":66,""mediana_hhmm_uteis"":""00:13"",""nome"":""Thiago Fávaro"",""pct_sem_contato_registrado"":51.1},{""atribuicoes"":128,""contatadas"":89,""mediana_hhmm_uteis"":""01:02"",""nome"":""Bruno Soares Martins"",""pct_sem_contato_registrado"":30.5},{""atribuicoes"":125,""contatadas"":20,""mediana_hhmm_uteis"":""01:39"",""nome"":""Amanda Dias"",""pct_sem_contato_registrado"":84},{""atribuicoes"":92,""contatadas"":47,""mediana_hhmm_uteis"":""00:01"",""nome"":""Jessica Sobral"",""pct_sem_contato_registrado"":48.9},{""atribuicoes"":71,""contatadas"":44,""mediana_hhmm_uteis"":""00:46"",""nome"":""Kauanny vieira"",""pct_sem_contato_registrado"":38},{""atribuicoes"":68,""contatadas"":31,""mediana_hhmm_uteis"":""00:01"",""nome"":""Andrew"",""pct_sem_contato_registrado"":54.4},{""atribuicoes"":64,""contatadas"":41,""mediana_hhmm_uteis"":""12:31"",""nome"":""Rangel"",""pct_sem_contato_registrado"":35.9},{""atribuicoes"":40,""contatadas"":30,""mediana_hhmm_uteis"":""01:00"",""nome"":""Leonardo vrena"",""pct_sem_contato_registrado"":25},{""atribuicoes"":26,""contatadas"":23,""mediana_hhmm_uteis"":""00:00"",""nome"":""Daniel Queiroz Consultor"",""pct_sem_contato_registrado"":11.5},{""atribuicoes"":25,""contatadas"":8,""mediana_hhmm_uteis"":""00:00"",""nome"":""Leticia Castro"",""pct_sem_contato_registrado"":68},{""atribuicoes"":24,""contatadas"":12,""mediana_hhmm_uteis"":""00:07"",""nome"":""Sara Leoni"",""pct_sem_contato_registrado"":50},{""atribuicoes"":14,""contatadas"":12,""mediana_hhmm_uteis"":""00:01"",""nome"":""Emily Damasceno da Silva"",""pct_sem_contato_registrado"":14.3},{""atribuicoes"":12,""contatadas"":9,""mediana_hhmm_uteis"":""00:02"",""nome"":""Ingrid Queiroz"",""pct_sem_contato_registrado"":25},{""atribuicoes"":9,""contatadas"":3,""mediana_hhmm_uteis"":""00:00"",""nome"":""Christiane Praxedes"",""pct_sem_contato_registrado"":66.7},{""atribuicoes"":6,""contatadas"":0,""mediana_hhmm_uteis"":null,""nome"":""Evellyn (Equipe Sheldon)"",""pct_sem_contato_registrado"":100},{""atribuicoes"":5,""contatadas"":4,""mediana_hhmm_uteis"":""00:20"",""nome"":""Erick Santos"",""pct_sem_contato_registrado"":20},{""atribuicoes"":2,""contatadas"":0,""mediana_hhmm_uteis"":null,""nome"":""Sara Braga"",""pct_sem_contato_registrado"":100},{""atribuicoes"":1,""contatadas"":0,""mediana_hhmm_uteis"":null,""nome"":""Camila Jasmin Torres"",""pct_sem_contato_registrado"":100},{""atribuicoes"":1,""contatadas"":0,""mediana_hhmm_uteis"":null,""nome"":""Pitter Reis Souza"",""pct_sem_contato_registrado"":100}]"
I2;13;"[{""dos_quais_estoque"":189,""leads_coorte"":659,""nome"":""eduardo santana"",""passou_por_agendado"":1,""so_agenda"":0,""so_historico"":1,""so_status_atual"":0,""taxa_pct_sem_estoque"":0.2,""taxa_pct_tudo"":0.2},{""dos_quais_estoque"":181,""leads_coorte"":636,""nome"":""Jefferson Luiz"",""passou_por_agendado"":10,""so_agenda"":1,""so_historico"":1,""so_status_atual"":5,""taxa_pct_sem_estoque"":2.2,""taxa_pct_tudo"":1.6},{""dos_quais_estoque"":160,""leads_coorte"":528,""nome"":""graziele gomes de jesus graziele gomes"",""passou_por_agendado"":21,""so_agenda"":1,""so_historico"":2,""so_status_atual"":8,""taxa_pct_sem_estoque"":5.7,""taxa_pct_tudo"":4},{""dos_quais_estoque"":68,""leads_coorte"":389,""nome"":""Felipe França"",""passou_por_agendado"":1,""so_agenda"":0,""so_historico"":0,""so_status_atual"":0,""taxa_pct_sem_estoque"":0.3,""taxa_pct_tudo"":0.3},{""dos_quais_estoque"":126,""leads_coorte"":384,""nome"":""Maria Santos"",""passou_por_agendado"":7,""so_agenda"":0,""so_historico"":1,""so_status_atual"":1,""taxa_pct_sem_estoque"":2.7,""taxa_pct_tudo"":1.8},{""dos_quais_estoque"":132,""leads_coorte"":280,""nome"":""Guilherme Cillo"",""passou_por_agendado"":1,""so_agenda"":0,""so_historico"":0,""so_status_atual"":0,""taxa_pct_sem_estoque"":0.7,""taxa_pct_tudo"":0.4},{""dos_quais_estoque"":97,""leads_coorte"":275,""nome"":""Leonardo vrena"",""passou_por_agendado"":0,""so_agenda"":0,""so_historico"":0,""so_status_atual"":0,""taxa_pct_sem_estoque"":0,""taxa_pct_tudo"":0},{""dos_quais_estoque"":100,""leads_coorte"":245,""nome"":""Ellen Santos"",""passou_por_agendado"":6,""so_agenda"":0,""so_historico"":4,""so_status_atual"":0,""taxa_pct_sem_estoque"":4.1,""taxa_pct_tudo"":2.4},{""dos_quais_estoque"":43,""leads_coorte"":223,""nome"":""Thiago Fávaro"",""passou_por_agendado"":4,""so_agenda"":0,""so_historico"":0,""so_status_atual"":0,""taxa_pct_sem_estoque"":2.2,""taxa_pct_tudo"":1.8},{""dos_quais_estoque"":0,""leads_coorte"":187,""nome"":""Leticia Brandão"",""passou_por_agendado"":7,""so_agenda"":0,""so_historico"":0,""so_status_atual"":5,""taxa_pct_sem_estoque"":3.7,""taxa_pct_tudo"":3.7},{""dos_quais_estoque"":49,""leads_coorte"":174,""nome"":""Bruno Soares Martins"",""passou_por_agendado"":3,""so_agenda"":0,""so_historico"":2,""so_status_atual"":1,""taxa_pct_sem_estoque"":2.4,""taxa_pct_tudo"":1.7},{""dos_quais_estoque"":90,""leads_coorte"":118,""nome"":""Leticia Castro"",""passou_por_agendado"":0,""so_agenda"":0,""so_historico"":0,""so_status_atual"":0,""taxa_pct_sem_estoque"":0,""taxa_pct_tudo"":0},{""dos_quais_estoque"":30,""leads_coorte"":109,""nome"":""Kauanny vieira"",""passou_por_agendado"":0,""so_agenda"":0,""so_historico"":0,""so_status_atual"":0,""taxa_pct_sem_estoque"":0,""taxa_pct_tudo"":0},{""dos_quais_estoque"":0,""leads_coorte"":107,""nome"":""Ana Rita Oliveira Sousa"",""passou_por_agendado"":0,""so_agenda"":0,""so_historico"":0,""so_status_atual"":0,""taxa_pct_sem_estoque"":0,""taxa_pct_tudo"":0},{""dos_quais_estoque"":0,""leads_coorte"":100,""nome"":""Jessica Sobral"",""passou_por_agendado"":1,""so_agenda"":0,""so_historico"":1,""so_status_atual"":0,""taxa_pct_sem_estoque"":1,""taxa_pct_tudo"":1},{""dos_quais_estoque"":79,""leads_coorte"":91,""nome"":""Sara Leoni"",""passou_por_agendado"":0,""so_agenda"":0,""so_historico"":0,""so_status_atual"":0,""taxa_pct_sem_estoque"":0,""taxa_pct_tudo"":0},{""dos_quais_estoque"":0,""leads_coorte"":77,""nome"":""Andrew"",""passou_por_agendado"":5,""so_agenda"":0,""so_historico"":2,""so_status_atual"":2,""taxa_pct_sem_estoque"":6.5,""taxa_pct_tudo"":6.5},{""dos_quais_estoque"":11,""leads_coorte"":65,""nome"":""Christiane Praxedes"",""passou_por_agendado"":1,""so_agenda"":0,""so_historico"":0,""so_status_atual"":1,""taxa_pct_sem_estoque"":1.9,""taxa_pct_tudo"":1.5},{""dos_quais_estoque"":0,""leads_coorte"":61,""nome"":""Rangel"",""passou_por_agendado"":0,""so_agenda"":0,""so_historico"":0,""so_status_atual"":0,""taxa_pct_sem_estoque"":0,""taxa_pct_tudo"":0},{""dos_quais_estoque"":0,""leads_coorte"":52,""nome"":""Emilly Vitória"",""passou_por_agendado"":0,""so_agenda"":0,""so_historico"":0,""so_status_atual"":0,""taxa_pct_sem_estoque"":0,""taxa_pct_tudo"":0},{""dos_quais_estoque"":0,""leads_coorte"":45,""nome"":""Amanda Dias"",""passou_por_agendado"":0,""so_agenda"":0,""so_historico"":0,""so_status_atual"":0,""taxa_pct_sem_estoque"":0,""taxa_pct_tudo"":0},{""dos_quais_estoque"":30,""leads_coorte"":32,""nome"":""Daniel Queiroz Consultor"",""passou_por_agendado"":0,""so_agenda"":0,""so_historico"":0,""so_status_atual"":0,""taxa_pct_sem_estoque"":0,""taxa_pct_tudo"":0},{""dos_quais_estoque"":0,""leads_coorte"":31,""nome"":""Erick Santos"",""passou_por_agendado"":0,""so_agenda"":0,""so_historico"":0,""so_status_atual"":0,""taxa_pct_sem_estoque"":0,""taxa_pct_tudo"":0},{""dos_quais_estoque"":0,""leads_coorte"":14,""nome"":""Emily Damasceno da Silva"",""passou_por_agendado"":0,""so_agenda"":0,""so_historico"":0,""so_status_atual"":0,""taxa_pct_sem_estoque"":0,""taxa_pct_tudo"":0},{""dos_quais_estoque"":0,""leads_coorte"":6,""nome"":""Evellyn (Equipe Sheldon)"",""passou_por_agendado"":6,""so_agenda"":0,""so_historico"":0,""so_status_atual"":6,""taxa_pct_sem_estoque"":100,""taxa_pct_tudo"":100},{""dos_quais_estoque"":0,""leads_coorte"":6,""nome"":""Sara Braga"",""passou_por_agendado"":0,""so_agenda"":0,""so_historico"":0,""so_status_atual"":0,""taxa_pct_sem_estoque"":0,""taxa_pct_tudo"":0},{""dos_quais_estoque"":0,""leads_coorte"":2,""nome"":""Ingrid Queiroz"",""passou_por_agendado"":0,""so_agenda"":0,""so_historico"":0,""so_status_atual"":0,""taxa_pct_sem_estoque"":0,""taxa_pct_tudo"":0},{""dos_quais_estoque"":0,""leads_coorte"":1,""nome"":""Pitter Reis Souza"",""passou_por_agendado"":1,""so_agenda"":0,""so_historico"":0,""so_status_atual"":1,""taxa_pct_sem_estoque"":100,""taxa_pct_tudo"":100}]"
I3;14;"[{""canceladas_ou_remarcadas"":1,""espec_passou_agendado"":7,""espec_passou_visita"":6,""nao_compareceu"":4,""nome"":""graziele gomes de jesus graziele gomes"",""pendente_validacao"":3,""realizadas"":9,""sinteticas_fora"":0,""taxa_pct_regua_casa"":69.2},{""canceladas_ou_remarcadas"":2,""espec_passou_agendado"":7,""espec_passou_visita"":4,""nao_compareceu"":2,""nome"":""Ellen Santos"",""pendente_validacao"":0,""realizadas"":6,""sinteticas_fora"":0,""taxa_pct_regua_casa"":75},{""canceladas_ou_remarcadas"":0,""espec_passou_agendado"":6,""espec_passou_visita"":4,""nao_compareceu"":2,""nome"":""Ana Rita Oliveira Sousa"",""pendente_validacao"":2,""realizadas"":4,""sinteticas_fora"":0,""taxa_pct_regua_casa"":66.7},{""canceladas_ou_remarcadas"":0,""espec_passou_agendado"":1,""espec_passou_visita"":3,""nao_compareceu"":0,""nome"":""Andrew"",""pendente_validacao"":1,""realizadas"":4,""sinteticas_fora"":0,""taxa_pct_regua_casa"":100},{""canceladas_ou_remarcadas"":1,""espec_passou_agendado"":3,""espec_passou_visita"":2,""nao_compareceu"":0,""nome"":""Amanda Dias"",""pendente_validacao"":0,""realizadas"":3,""sinteticas_fora"":0,""taxa_pct_regua_casa"":100},{""canceladas_ou_remarcadas"":4,""espec_passou_agendado"":12,""espec_passou_visita"":2,""nao_compareceu"":5,""nome"":""Maria Santos"",""pendente_validacao"":4,""realizadas"":2,""sinteticas_fora"":0,""taxa_pct_regua_casa"":28.6},{""canceladas_ou_remarcadas"":1,""espec_passou_agendado"":3,""espec_passou_visita"":1,""nao_compareceu"":4,""nome"":""Jefferson Luiz"",""pendente_validacao"":0,""realizadas"":2,""sinteticas_fora"":0,""taxa_pct_regua_casa"":33.3},{""canceladas_ou_remarcadas"":1,""espec_passou_agendado"":5,""espec_passou_visita"":2,""nao_compareceu"":1,""nome"":""Leticia Brandão"",""pendente_validacao"":1,""realizadas"":2,""sinteticas_fora"":0,""taxa_pct_regua_casa"":66.7},{""canceladas_ou_remarcadas"":0,""espec_passou_agendado"":6,""espec_passou_visita"":1,""nao_compareceu"":4,""nome"":""Guilherme Cillo"",""pendente_validacao"":1,""realizadas"":1,""sinteticas_fora"":0,""taxa_pct_regua_casa"":20},{""canceladas_ou_remarcadas"":2,""espec_passou_agendado"":3,""espec_passou_visita"":1,""nao_compareceu"":5,""nome"":""Thiago Fávaro"",""pendente_validacao"":0,""realizadas"":1,""sinteticas_fora"":0,""taxa_pct_regua_casa"":16.7},{""canceladas_ou_remarcadas"":0,""espec_passou_agendado"":0,""espec_passou_visita"":0,""nao_compareceu"":0,""nome"":""Emily Damasceno da Silva"",""pendente_validacao"":0,""realizadas"":0,""sinteticas_fora"":0,""taxa_pct_regua_casa"":null},{""canceladas_ou_remarcadas"":0,""espec_passou_agendado"":0,""espec_passou_visita"":0,""nao_compareceu"":0,""nome"":""Erick Santos"",""pendente_validacao"":0,""realizadas"":0,""sinteticas_fora"":0,""taxa_pct_regua_casa"":null},{""canceladas_ou_remarcadas"":0,""espec_passou_agendado"":null,""espec_passou_visita"":null,""nao_compareceu"":0,""nome"":""Evellyn (Equipe Sheldon)"",""pendente_validacao"":0,""realizadas"":0,""sinteticas_fora"":0,""taxa_pct_regua_casa"":null},{""canceladas_ou_remarcadas"":1,""espec_passou_agendado"":3,""espec_passou_visita"":0,""nao_compareceu"":1,""nome"":""Felipe França"",""pendente_validacao"":1,""realizadas"":0,""sinteticas_fora"":0,""taxa_pct_regua_casa"":0},{""canceladas_ou_remarcadas"":0,""espec_passou_agendado"":null,""espec_passou_visita"":null,""nao_compareceu"":0,""nome"":""Felippe Andrade"",""pendente_validacao"":0,""realizadas"":0,""sinteticas_fora"":0,""taxa_pct_regua_casa"":null},{""canceladas_ou_remarcadas"":0,""espec_passou_agendado"":null,""espec_passou_visita"":null,""nao_compareceu"":0,""nome"":""Igor Nigro"",""pendente_validacao"":0,""realizadas"":0,""sinteticas_fora"":0,""taxa_pct_regua_casa"":null},{""canceladas_ou_remarcadas"":0,""espec_passou_agendado"":0,""espec_passou_visita"":0,""nao_compareceu"":0,""nome"":""Ingrid Queiroz"",""pendente_validacao"":0,""realizadas"":0,""sinteticas_fora"":0,""taxa_pct_regua_casa"":null},{""canceladas_ou_remarcadas"":0,""espec_passou_agendado"":1,""espec_passou_visita"":0,""nao_compareceu"":0,""nome"":""Jessica Sobral"",""pendente_validacao"":1,""realizadas"":0,""sinteticas_fora"":0,""taxa_pct_regua_casa"":null},{""canceladas_ou_remarcadas"":0,""espec_passou_agendado"":null,""espec_passou_visita"":null,""nao_compareceu"":0,""nome"":""João Victor Paes Dantas"",""pendente_validacao"":0,""realizadas"":0,""sinteticas_fora"":0,""taxa_pct_regua_casa"":null},{""canceladas_ou_remarcadas"":0,""espec_passou_agendado"":0,""espec_passou_visita"":0,""nao_compareceu"":0,""nome"":""Kamilla Lima"",""pendente_validacao"":0,""realizadas"":0,""sinteticas_fora"":0,""taxa_pct_regua_casa"":null},{""canceladas_ou_remarcadas"":0,""espec_passou_agendado"":3,""espec_passou_visita"":0,""nao_compareceu"":1,""nome"":""Kauanny vieira"",""pendente_validacao"":1,""realizadas"":0,""sinteticas_fora"":0,""taxa_pct_regua_casa"":0},{""canceladas_ou_remarcadas"":0,""espec_passou_agendado"":0,""espec_passou_visita"":0,""nao_compareceu"":0,""nome"":""Leonardo vrena"",""pendente_validacao"":0,""realizadas"":0,""sinteticas_fora"":0,""taxa_pct_regua_casa"":null},{""canceladas_ou_remarcadas"":0,""espec_passou_agendado"":null,""espec_passou_visita"":null,""nao_compareceu"":0,""nome"":""Leticia amaral braga"",""pendente_validacao"":0,""realizadas"":0,""sinteticas_fora"":0,""taxa_pct_regua_casa"":null},{""canceladas_ou_remarcadas"":0,""espec_passou_agendado"":1,""espec_passou_visita"":0,""nao_compareceu"":0,""nome"":""Leticia Castro"",""pendente_validacao"":0,""realizadas"":0,""sinteticas_fora"":0,""taxa_pct_regua_casa"":null},{""canceladas_ou_remarcadas"":0,""espec_passou_agendado"":null,""espec_passou_visita"":null,""nao_compareceu"":0,""nome"":""Luiz Fernando"",""pendente_validacao"":0,""realizadas"":0,""sinteticas_fora"":0,""taxa_pct_regua_casa"":null},{""canceladas_ou_remarcadas"":0,""espec_passou_agendado"":null,""espec_passou_visita"":null,""nao_compareceu"":0,""nome"":""Meu metro De Login"",""pendente_validacao"":0,""realizadas"":0,""sinteticas_fora"":0,""taxa_pct_regua_casa"":null},{""canceladas_ou_remarcadas"":0,""espec_passou_agendado"":null,""espec_passou_visita"":null,""nao_compareceu"":0,""nome"":""Michelli Lopes"",""pendente_validacao"":0,""realizadas"":0,""sinteticas_fora"":0,""taxa_pct_regua_casa"":null},{""canceladas_ou_remarcadas"":0,""espec_passou_agendado"":null,""espec_passou_visita"":null,""nao_compareceu"":0,""nome"":""Patrícia Santos"",""pendente_validacao"":0,""realizadas"":0,""sinteticas_fora"":0,""taxa_pct_regua_casa"":null},{""canceladas_ou_remarcadas"":0,""espec_passou_agendado"":1,""espec_passou_visita"":0,""nao_compareceu"":1,""nome"":""Rangel"",""pendente_validacao"":0,""realizadas"":0,""sinteticas_fora"":0,""taxa_pct_regua_casa"":0},{""canceladas_ou_remarcadas"":0,""espec_passou_agendado"":0,""espec_passou_visita"":0,""nao_compareceu"":0,""nome"":""Sara Braga"",""pendente_validacao"":0,""realizadas"":0,""sinteticas_fora"":0,""taxa_pct_regua_casa"":null},{""canceladas_ou_remarcadas"":0,""espec_passou_agendado"":0,""espec_passou_visita"":0,""nao_compareceu"":0,""nome"":""Sara Leoni"",""pendente_validacao"":0,""realizadas"":0,""sinteticas_fora"":0,""taxa_pct_regua_casa"":null},{""canceladas_ou_remarcadas"":0,""espec_passou_agendado"":null,""espec_passou_visita"":null,""nao_compareceu"":0,""nome"":""Thauany Cobra"",""pendente_validacao"":0,""realizadas"":0,""sinteticas_fora"":0,""taxa_pct_regua_casa"":null},{""canceladas_ou_remarcadas"":0,""espec_passou_agendado"":0,""espec_passou_visita"":0,""nao_compareceu"":0,""nome"":""Pitter Reis Souza"",""pendente_validacao"":0,""realizadas"":0,""sinteticas_fora"":0,""taxa_pct_regua_casa"":null},{""canceladas_ou_remarcadas"":0,""espec_passou_agendado"":1,""espec_passou_visita"":0,""nao_compareceu"":0,""nome"":""Bruno Soares Martins"",""pendente_validacao"":0,""realizadas"":0,""sinteticas_fora"":0,""taxa_pct_regua_casa"":null},{""canceladas_ou_remarcadas"":0,""espec_passou_agendado"":null,""espec_passou_visita"":null,""nao_compareceu"":0,""nome"":""Caique Caetano"",""pendente_validacao"":0,""realizadas"":0,""sinteticas_fora"":0,""taxa_pct_regua_casa"":null},{""canceladas_ou_remarcadas"":0,""espec_passou_agendado"":0,""espec_passou_visita"":0,""nao_compareceu"":0,""nome"":""Camila Jasmin Torres"",""pendente_validacao"":0,""realizadas"":0,""sinteticas_fora"":0,""taxa_pct_regua_casa"":null},{""canceladas_ou_remarcadas"":0,""espec_passou_agendado"":null,""espec_passou_visita"":null,""nao_compareceu"":0,""nome"":""Camille Derolle"",""pendente_validacao"":0,""realizadas"":0,""sinteticas_fora"":0,""taxa_pct_regua_casa"":null},{""canceladas_ou_remarcadas"":0,""espec_passou_agendado"":0,""espec_passou_visita"":0,""nao_compareceu"":0,""nome"":""Christiane Praxedes"",""pendente_validacao"":0,""realizadas"":0,""sinteticas_fora"":0,""taxa_pct_regua_casa"":null},{""canceladas_ou_remarcadas"":0,""espec_passou_agendado"":0,""espec_passou_visita"":0,""nao_compareceu"":0,""nome"":""Daniel Queiroz Consultor"",""pendente_validacao"":0,""realizadas"":0,""sinteticas_fora"":0,""taxa_pct_regua_casa"":null},{""canceladas_ou_remarcadas"":0,""espec_passou_agendado"":null,""espec_passou_visita"":null,""nao_compareceu"":0,""nome"":""Edson teste junior"",""pendente_validacao"":0,""realizadas"":0,""sinteticas_fora"":0,""taxa_pct_regua_casa"":null},{""canceladas_ou_remarcadas"":0,""espec_passou_agendado"":2,""espec_passou_visita"":0,""nao_compareceu"":1,""nome"":""eduardo santana"",""pendente_validacao"":2,""realizadas"":0,""sinteticas_fora"":0,""taxa_pct_regua_casa"":0},{""canceladas_ou_remarcadas"":0,""espec_passou_agendado"":0,""espec_passou_visita"":0,""nao_compareceu"":0,""nome"":""Emilly Vitória"",""pendente_validacao"":0,""realizadas"":0,""sinteticas_fora"":0,""taxa_pct_regua_casa"":null}]"
I4;15;"[{""avancou"":3,""nome"":""graziele gomes de jesus graziele gomes"",""taxa_pct"":33.3,""via_analise"":2,""via_historico"":3,""via_pasta"":1,""via_proposta"":0,""visitas_coorte"":9},{""avancou"":1,""nome"":""Ellen Santos"",""taxa_pct"":25,""via_analise"":1,""via_historico"":1,""via_pasta"":0,""via_proposta"":0,""visitas_coorte"":4},{""avancou"":2,""nome"":""Leticia Brandão"",""taxa_pct"":66.7,""via_analise"":2,""via_historico"":2,""via_pasta"":1,""via_proposta"":0,""visitas_coorte"":3},{""avancou"":0,""nome"":""Andrew"",""taxa_pct"":0,""via_analise"":0,""via_historico"":0,""via_pasta"":0,""via_proposta"":0,""visitas_coorte"":2},{""avancou"":1,""nome"":""Jefferson Luiz"",""taxa_pct"":50,""via_analise"":1,""via_historico"":1,""via_pasta"":0,""via_proposta"":0,""visitas_coorte"":2},{""avancou"":1,""nome"":""Thiago Fávaro"",""taxa_pct"":50,""via_analise"":0,""via_historico"":1,""via_pasta"":1,""via_proposta"":0,""visitas_coorte"":2}]"
I5_I6;16;"[{""base"":317,""carteira_ativa"":324,""em_lote_fora"":7,""nome"":""graziele gomes de jesus graziele gomes"",""parado_5d_higiene"":261,""parado_7_30_carteira"":179,""parado_7d_espec"":190,""pct_parada_7d"":59.9,""pct_sem_passo"":94.6,""sem_proximo_passo"":300},{""base"":260,""carteira_ativa"":265,""em_lote_fora"":5,""nome"":""Jefferson Luiz"",""parado_5d_higiene"":196,""parado_7_30_carteira"":181,""parado_7d_espec"":192,""pct_parada_7d"":73.8,""pct_sem_passo"":88.8,""sem_proximo_passo"":231},{""base"":239,""carteira_ativa"":241,""em_lote_fora"":2,""nome"":""Ana Rita Oliveira Sousa"",""parado_5d_higiene"":210,""parado_7_30_carteira"":193,""parado_7d_espec"":196,""pct_parada_7d"":82,""pct_sem_passo"":97.9,""sem_proximo_passo"":234},{""base"":235,""carteira_ativa"":237,""em_lote_fora"":2,""nome"":""eduardo santana"",""parado_5d_higiene"":154,""parado_7_30_carteira"":99,""parado_7d_espec"":99,""pct_parada_7d"":42.1,""pct_sem_passo"":88.9,""sem_proximo_passo"":209},{""base"":219,""carteira_ativa"":222,""em_lote_fora"":3,""nome"":""Leticia Brandão"",""parado_5d_higiene"":212,""parado_7_30_carteira"":205,""parado_7d_espec"":211,""pct_parada_7d"":96.3,""pct_sem_passo"":99.1,""sem_proximo_passo"":217},{""base"":145,""carteira_ativa"":149,""em_lote_fora"":4,""nome"":""Bruno Soares Martins"",""parado_5d_higiene"":140,""parado_7_30_carteira"":136,""parado_7d_espec"":136,""pct_parada_7d"":93.8,""pct_sem_passo"":100,""sem_proximo_passo"":145},{""base"":138,""carteira_ativa"":141,""em_lote_fora"":3,""nome"":""Ellen Santos"",""parado_5d_higiene"":73,""parado_7_30_carteira"":66,""parado_7d_espec"":70,""pct_parada_7d"":50.7,""pct_sem_passo"":88.4,""sem_proximo_passo"":122},{""base"":121,""carteira_ativa"":122,""em_lote_fora"":1,""nome"":""Maria Santos"",""parado_5d_higiene"":54,""parado_7_30_carteira"":41,""parado_7d_espec"":44,""pct_parada_7d"":36.4,""pct_sem_passo"":86.8,""sem_proximo_passo"":105},{""base"":114,""carteira_ativa"":114,""em_lote_fora"":0,""nome"":""Felipe França"",""parado_5d_higiene"":110,""parado_7_30_carteira"":98,""parado_7d_espec"":98,""pct_parada_7d"":86,""pct_sem_passo"":97.4,""sem_proximo_passo"":111},{""base"":99,""carteira_ativa"":99,""em_lote_fora"":0,""nome"":""Leonardo vrena"",""parado_5d_higiene"":96,""parado_7_30_carteira"":95,""parado_7d_espec"":96,""pct_parada_7d"":97,""pct_sem_passo"":97,""sem_proximo_passo"":96},{""base"":89,""carteira_ativa"":89,""em_lote_fora"":0,""nome"":""Kauanny vieira"",""parado_5d_higiene"":88,""parado_7_30_carteira"":81,""parado_7d_espec"":83,""pct_parada_7d"":93.3,""pct_sem_passo"":98.9,""sem_proximo_passo"":88},{""base"":66,""carteira_ativa"":66,""em_lote_fora"":0,""nome"":""Amanda Dias"",""parado_5d_higiene"":64,""parado_7_30_carteira"":8,""parado_7d_espec"":10,""pct_parada_7d"":15.2,""pct_sem_passo"":100,""sem_proximo_passo"":66},{""base"":42,""carteira_ativa"":42,""em_lote_fora"":0,""nome"":""Andrew"",""parado_5d_higiene"":35,""parado_7_30_carteira"":29,""parado_7d_espec"":31,""pct_parada_7d"":73.8,""pct_sem_passo"":97.6,""sem_proximo_passo"":41},{""base"":41,""carteira_ativa"":41,""em_lote_fora"":0,""nome"":""Jessica Sobral"",""parado_5d_higiene"":38,""parado_7_30_carteira"":34,""parado_7d_espec"":34,""pct_parada_7d"":82.9,""pct_sem_passo"":100,""sem_proximo_passo"":41},{""base"":38,""carteira_ativa"":39,""em_lote_fora"":1,""nome"":""Thiago Fávaro"",""parado_5d_higiene"":37,""parado_7_30_carteira"":32,""parado_7d_espec"":36,""pct_parada_7d"":94.7,""pct_sem_passo"":100,""sem_proximo_passo"":38},{""base"":36,""carteira_ativa"":36,""em_lote_fora"":0,""nome"":""Sara Leoni"",""parado_5d_higiene"":36,""parado_7_30_carteira"":36,""parado_7d_espec"":36,""pct_parada_7d"":100,""pct_sem_passo"":100,""sem_proximo_passo"":36},{""base"":33,""carteira_ativa"":33,""em_lote_fora"":0,""nome"":""Rangel"",""parado_5d_higiene"":33,""parado_7_30_carteira"":33,""parado_7d_espec"":33,""pct_parada_7d"":100,""pct_sem_passo"":100,""sem_proximo_passo"":33},{""base"":30,""carteira_ativa"":30,""em_lote_fora"":0,""nome"":""Guilherme Cillo"",""parado_5d_higiene"":18,""parado_7_30_carteira"":9,""parado_7d_espec"":14,""pct_parada_7d"":46.7,""pct_sem_passo"":73.3,""sem_proximo_passo"":22},{""base"":11,""carteira_ativa"":11,""em_lote_fora"":0,""nome"":""Leticia Castro"",""parado_5d_higiene"":11,""parado_7_30_carteira"":10,""parado_7d_espec"":11,""pct_parada_7d"":100,""pct_sem_passo"":100,""sem_proximo_passo"":11},{""base"":5,""carteira_ativa"":5,""em_lote_fora"":0,""nome"":""Ingrid Queiroz"",""parado_5d_higiene"":1,""parado_7_30_carteira"":0,""parado_7d_espec"":0,""pct_parada_7d"":0,""pct_sem_passo"":100,""sem_proximo_passo"":5},{""base"":3,""carteira_ativa"":3,""em_lote_fora"":0,""nome"":""Emily Damasceno da Silva"",""parado_5d_higiene"":3,""parado_7_30_carteira"":3,""parado_7d_espec"":3,""pct_parada_7d"":100,""pct_sem_passo"":100,""sem_proximo_passo"":3},{""base"":2,""carteira_ativa"":2,""em_lote_fora"":0,""nome"":""Christiane Praxedes"",""parado_5d_higiene"":2,""parado_7_30_carteira"":2,""parado_7d_espec"":2,""pct_parada_7d"":100,""pct_sem_passo"":100,""sem_proximo_passo"":2},{""base"":2,""carteira_ativa"":2,""em_lote_fora"":0,""nome"":""Erick Santos"",""parado_5d_higiene"":2,""parado_7_30_carteira"":0,""parado_7d_espec"":2,""pct_parada_7d"":100,""pct_sem_passo"":100,""sem_proximo_passo"":2},{""base"":1,""carteira_ativa"":1,""em_lote_fora"":0,""nome"":""Sara Braga"",""parado_5d_higiene"":1,""parado_7_30_carteira"":1,""parado_7d_espec"":1,""pct_parada_7d"":100,""pct_sem_passo"":100,""sem_proximo_passo"":1},{""base"":1,""carteira_ativa"":1,""em_lote_fora"":0,""nome"":""Caique Caetano"",""parado_5d_higiene"":0,""parado_7_30_carteira"":0,""parado_7d_espec"":0,""pct_parada_7d"":0,""pct_sem_passo"":100,""sem_proximo_passo"":1}]"
I5_I6_controle;17;"[{""em_carteira"":5569,""medido_em"":""2026-09-28T17:31:53.616331+00:00"",""parados"":55216,""parados_abandonados"":55198,""parados_em_atendimento"":6838,""parados_em_carteira"":5042,""parados_em_lote"":2135,""parados_nunca_tocados"":18,""prazo_dias"":5,""sem_corretor"":94747,""vivos"":100316}]"
I7a;18;"[{""com_analise"":0,""com_analise_pendente_docs"":0,""com_doc_reprovado_depois"":0,""com_reenvio_de_doc_depois"":0,""mes_brt"":""2026-06"",""pastas_montadas"":1},{""com_analise"":6,""com_analise_pendente_docs"":0,""com_doc_reprovado_depois"":0,""com_reenvio_de_doc_depois"":4,""mes_brt"":""2026-07"",""pastas_montadas"":84},{""com_analise"":25,""com_analise_pendente_docs"":2,""com_doc_reprovado_depois"":0,""com_reenvio_de_doc_depois"":9,""mes_brt"":""2026-08"",""pastas_montadas"":73},{""com_analise"":12,""com_analise_pendente_docs"":1,""com_doc_reprovado_depois"":1,""com_reenvio_de_doc_depois"":6,""mes_brt"":""2026-09"",""pastas_montadas"":44}]"
I7b;19;"[{""leads"":53,""linhas"":57,""primeira"":""2026-03-05"",""status"":""enviada"",""ultima"":""2026-09-25""},{""leads"":40,""linhas"":42,""primeira"":""2026-03-24"",""status"":""aprovada"",""ultima"":""2026-09-23""},{""leads"":7,""linhas"":7,""primeira"":""2026-04-25"",""status"":""reprovada"",""ultima"":""2026-09-14""},{""leads"":4,""linhas"":5,""primeira"":""2026-08-12"",""status"":""aprovada_condicionada"",""ultima"":""2026-09-09""},{""leads"":4,""linhas"":4,""primeira"":""2026-06-02"",""status"":""pendente"",""ultima"":""2026-09-10""}]"
I8;20;"[{""categoria_no_momento"":""(sem evento)"",""depois_de_qualificacao"":71,""perdas"":199,""quem_perdeu"":""automação (sem autor)""},{""categoria_no_momento"":""sem_perfil"",""depois_de_qualificacao"":736,""perdas"":961,""quem_perdeu"":""o próprio corretor""},{""categoria_no_momento"":""sem_contato"",""depois_de_qualificacao"":557,""perdas"":708,""quem_perdeu"":""o próprio corretor""},{""categoria_no_momento"":""outro"",""depois_de_qualificacao"":119,""perdas"":183,""quem_perdeu"":""o próprio corretor""},{""categoria_no_momento"":""timing_adiou"",""depois_de_qualificacao"":48,""perdas"":54,""quem_perdeu"":""o próprio corretor""},{""categoria_no_momento"":""comprou_concorrente"",""depois_de_qualificacao"":30,""perdas"":36,""quem_perdeu"":""o próprio corretor""},{""categoria_no_momento"":""ja_possui_imovel"",""depois_de_qualificacao"":11,""perdas"":15,""quem_perdeu"":""o próprio corretor""},{""categoria_no_momento"":""credito_score"",""depois_de_qualificacao"":7,""perdas"":7,""quem_perdeu"":""o próprio corretor""},{""categoria_no_momento"":""sumiu_pos_proposta"",""depois_de_qualificacao"":6,""perdas"":6,""quem_perdeu"":""o próprio corretor""},{""categoria_no_momento"":""preco_parcela"",""depois_de_qualificacao"":4,""perdas"":4,""quem_perdeu"":""o próprio corretor""},{""categoria_no_momento"":""timing_adiou"",""depois_de_qualificacao"":1,""perdas"":1,""quem_perdeu"":""outra pessoa""}]"